Date,ES1 Index (1.) 6M 90% Imp Vol,ES1 Index (2.) 6M 110% Imp Vol,ES1 Spread(Abs)
12/29/17,12.375,10.889,1.486
12/28/17,12.4528,10.1862,2.267
12/27/17,12.4366,10.2829,2.154
12/26/17,12.5284,10.4087,2.119
12/22/17,12.3519,10.275,2.077
12/21/17,12.1944,10.1577,2.036
12/20/17,12.081,10.0405,2.04
12/19/17,12.2053,10.0815,2.123
12/18/17,11.9458,9.8844,2.062
12/15/17,12.0162,10.0016,2.014
12/14/17,12.923,9.9317,2.991
12/13/17,12.8423,9.5088,3.333
12/12/17,12.7741,9.4131,3.361
12/11/17,12.5991,9.2842,3.315
12/08/17,12.9398,9.5972,3.343
12/07/17,13.0365,9.8193,3.218
12/06/17,13.4536,9.7508,3.703
12/05/17,13.4746,10.1553,3.32
12/04/17,13.3648,10.066,3.299
12/01/17,13.194,10.143,3.051
11/30/17,12.9646,10.0603,2.905
11/29/17,13.1533,10.0678,3.085
11/28/17,12.7718,9.7783,2.994
11/27/17,12.9992,10.0039,2.995
11/24/17,12.8477,9.9675,2.88
11/22/17,12.8766,10.0558,2.821
11/21/17,12.9539,9.984,2.97
11/20/17,13.5669,10.4203,3.147
11/17/17,13.7884,10.6837,3.104
11/16/17,13.6856,10.5824,3.104
11/15/17,14.2468,11.1885,3.058
11/14/17,13.8088,10.832,2.977
11/13/17,13.7213,10.7834,2.938
11/10/17,13.5792,10.6635,2.915
11/09/17,13.1532,10.3074,2.846
11/08/17,12.8707,10.0587,2.812
11/07/17,12.6924,9.9328,2.759
11/06/17,12.4568,9.7335,2.723
11/03/17,12.3886,9.7157,2.673
11/02/17,12.4044,9.681,2.723
11/01/17,12.1741,9.6671,2.507
10/31/17,12.2379,9.4874,2.751
10/30/17,12.3178,9.5507,2.767
10/27/17,12.0238,9.3759,2.648
10/26/17,12.4744,9.7719,2.702
10/25/17,12.4902,9.7866,2.703
10/24/17,12.2314,9.5919,2.639
10/23/17,12.401,9.8599,2.541
10/20/17,11.976,9.5402,2.436
10/19/17,12.1353,9.6323,2.503
10/18/17,12.1009,9.5979,2.503
10/17/17,12.1559,9.6922,2.464
10/16/17,12.1166,9.6942,2.423
10/13/17,12.1814,9.7925,2.388
10/12/17,12.3207,10.0201,2.301
10/11/17,12.2068,9.8697,2.337
10/10/17,12.3112,9.9514,2.36
10/09/17,12.4153,10.1032,2.312
10/06/17,12.1602,9.9237,2.236
10/05/17,11.9558,9.7271,2.229
10/04/17,12.1694,9.92,2.249
10/03/17,12.2978,10.0389,2.259
10/02/17,12.373,10.016,2.357
09/29/17,12.4928,10.3708,2.122
09/28/17,12.7111,10.5587,2.152
09/27/17,12.9176,10.7326,2.185
09/26/17,13.0347,10.8171,2.218
09/25/17,12.9232,10.7343,2.189
09/22/17,12.8573,10.7007,2.156
09/21/17,12.5862,10.4619,2.124
09/20/17,12.6569,10.4787,2.178
09/19/17,12.7592,10.6159,2.143
09/18/17,12.6457,10.4508,2.195
09/15/17,12.8061,10.6259,2.18
09/14/17,13.6122,10.1579,3.454
09/13/17,13.6159,10.2159,3.4
09/12/17,13.8509,10.3432,3.508
09/11/17,14.0795,10.6808,3.399
09/08/17,14.8293,11.3787,3.45
09/07/17,14.3619,10.933,3.429
09/06/17,14.3184,10.9628,3.355
09/05/17,14.46,11.1307,3.329
09/01/17,13.6194,10.4315,3.187
08/31/17,13.8997,10.715,3.185
08/30/17,14.0731,10.7856,3.287
08/29/17,14.0883,10.8068,3.281
08/28/17,13.9572,10.7109,3.246
08/25/17,14.0539,10.8598,3.194
08/24/17,14.1989,11.0343,3.165
08/23/17,14.1461,10.974,3.172
08/22/17,13.4573,10.3899,3.067
08/21/17,14.3114,11.2061,3.105
08/18/17,14.6398,11.5515,3.088
08/17/17,14.7124,11.4745,3.237
08/16/17,13.0846,10.0808,3.004
08/15/17,13.263,10.2059,3.057
08/14/17,13.3385,10.3863,2.953
08/11/17,14.9289,11.9068,3.022
08/10/17,14.8733,11.8878,2.985
08/09/17,13.1704,10.2784,2.892
08/08/17,12.8646,10.1181,2.747
08/07/17,12.4316,9.6937,2.738
08/04/17,12.5988,9.8713,2.728
08/03/17,12.464,9.8134,2.651
08/02/17,12.2018,9.5542,2.648
08/01/17,12.0001,9.3358,2.664
07/31/17,12.3742,9.6801,2.694
07/28/17,12.2025,9.6295,2.573
07/27/17,12.0839,9.5168,2.567
07/26/17,12.0483,9.528,2.52
07/25/17,12.0808,9.5784,2.503
07/24/17,12.2063,9.7533,2.453
07/21/17,12.2195,9.7351,2.485
07/20/17,12.2441,9.6916,2.552
07/19/17,12.251,9.8957,2.355
07/18/17,12.5142,9.9551,2.559
07/17/17,12.4166,10.0967,2.32
07/14/17,12.3699,9.9961,2.374
07/13/17,12.6949,10.3678,2.327
07/12/17,12.7794,10.4476,2.331
07/11/17,13.1134,10.7055,2.407
07/10/17,13.2003,10.8633,2.337
07/07/17,13.2829,11.0034,2.28
07/06/17,13.6893,11.408,2.281
07/05/17,13.1973,10.9234,2.274
07/03/17,13.2202,11.0465,2.173
06/30/17,13.1933,11.0495,2.143
06/29/17,13.1698,10.9942,2.176
06/28/17,12.5984,10.5197,2.078
06/27/17,12.9886,10.8896,2.099
06/26/17,12.4972,10.4612,2.036
06/23/17,12.5706,10.5363,2.035
06/22/17,12.7469,10.7211,2.026
06/21/17,12.7309,10.7407,1.99
06/20/17,12.6353,10.6527,1.982
06/19/17,12.4166,10.4824,1.935
06/16/17,13.4368,10.1823,3.255
06/15/17,13.5612,10.3394,3.222
06/14/17,13.505,10.3919,3.113
06/13/17,13.2546,10.1837,3.071
06/12/17,13.7627,10.5945,3.168
06/09/17,13.4283,10.2896,3.138
06/08/17,13.3671,10.3666,3
06/07/17,13.5262,10.4976,3.028
06/06/17,13.5048,10.4865,3.018
06/05/17,13.3303,10.3564,2.974
06/02/17,13.1355,10.2106,2.925
06/01/17,13.2766,10.3099,2.967
05/31/17,13.5411,10.6334,2.908
05/30/17,13.4304,10.5552,2.875
05/26/17,13.1275,10.2414,2.887
05/25/17,13.1144,10.3238,2.79
05/24/17,13.2181,10.4292,2.789
05/23/17,13.4541,10.6178,2.836
05/22/17,13.4769,10.7002,2.777
05/19/17,13.7787,11.0293,2.75
05/18/17,14.6364,11.8475,2.788
05/17/17,14.9026,12.0872,2.816
05/16/17,13.2511,10.5975,2.653
05/15/17,13.1727,10.6015,2.571
05/12/17,13.3464,10.7573,2.589
05/11/17,13.165,10.656,2.509
05/10/17,13.0315,10.5379,2.494
05/09/17,12.8445,10.3418,2.503
05/08/17,12.753,10.3494,2.404
05/05/17,12.7261,10.3398,2.386
05/04/17,12.9055,10.4826,2.423
05/03/17,12.9573,10.6015,2.355
05/02/17,12.8167,10.4884,2.329
05/01/17,12.7359,10.3973,2.339
04/28/17,12.8596,10.533,2.327
04/27/17,12.7997,10.5558,2.244
04/26/17,12.8289,10.5332,2.296
04/25/17,12.6239,10.393,2.231
04/24/17,12.7537,10.4388,2.315
04/21/17,13.9325,11.4249,2.508
04/20/17,13.7438,11.3599,2.384
04/19/17,14.2508,11.8355,2.415
04/18/17,14.1296,11.6949,2.435
04/17/17,14.0219,11.5571,2.465
04/13/17,14.5256,12.1738,2.352
04/12/17,14.2432,11.8398,2.403
04/11/17,14.0683,11.7316,2.336
04/10/17,13.8791,11.6374,2.242
04/07/17,13.5469,11.369,2.178
04/06/17,13.2996,11.1413,2.159
04/05/17,13.6332,11.5467,2.086
04/04/17,13.1621,11.1152,2.047
04/03/17,13.3317,11.3551,1.977
03/31/17,13.2498,11.2977,1.952
03/30/17,13.1205,11.1978,1.923
03/29/17,13.2978,11.3796,1.918
03/28/17,13.4739,11.5325,1.941
03/27/17,13.9832,11.9512,2.032
03/24/17,14.1252,12.0285,2.096
03/23/17,14.3233,12.3453,1.978
03/22/17,14.2677,12.2858,1.982
03/21/17,14.2388,12.3008,1.938
03/20/17,13.6074,11.7504,1.857
03/17/17,14.0562,11.2187,2.837
03/16/17,14.1207,11.2608,2.86
03/15/17,14.4644,11.5976,2.866
03/14/17,14.6738,11.7616,2.912
03/13/17,14.6432,11.7557,2.887
03/10/17,14.595,11.6651,2.93
03/09/17,14.7657,11.9157,2.85
03/08/17,14.7566,11.9296,2.827
03/07/17,14.5783,11.8396,2.738
03/06/17,14.7053,11.9873,2.718
03/03/17,14.5491,11.9272,2.622
03/02/17,14.8403,12.1513,2.689
03/01/17,14.8232,11.9152,2.908
02/28/17,15.1965,12.315,2.882
02/27/17,14.8986,11.9422,2.957
02/24/17,14.8788,11.9637,2.915
02/23/17,14.7624,11.871,2.891
02/22/17,14.4233,11.6117,2.811
02/21/17,14.111,11.3887,2.722
02/17/17,14.0016,11.232,2.77
02/16/17,13.8265,11.1048,2.722
02/15/17,13.6192,11.0012,2.618
02/14/17,13.7104,11.0272,2.683
02/13/17,14.102,11.3601,2.742
02/10/17,14.3391,11.6338,2.705
02/09/17,14.475,11.7909,2.684
02/08/17,14.6507,11.7711,2.88
02/07/17,14.4996,11.6953,2.805
02/06/17,14.43,11.6438,2.786
02/03/17,14.227,11.5205,2.706
02/02/17,14.5953,11.815,2.78
02/01/17,14.6139,11.8828,2.731
01/31/17,14.7363,11.9976,2.738
01/30/17,14.6077,11.8376,2.77
01/27/17,14.1648,11.5491,2.616
01/26/17,14.0301,11.4776,2.552
01/25/17,13.9228,11.4076,2.515
01/24/17,14.2414,11.5877,2.653
01/23/17,14.68,12.025,2.655
01/20/17,14.6305,11.9775,2.653
01/19/17,14.8503,12.2359,2.614
01/18/17,14.8854,12.2387,2.646
01/17/17,14.9395,12.3571,2.583
01/13/17,14.713,12.2457,2.467
01/12/17,14.8964,12.4728,2.423
01/11/17,14.8021,12.4133,2.389
01/10/17,14.8391,12.4909,2.348
01/09/17,14.8365,12.5241,2.313
01/06/17,14.6682,12.3357,2.332
01/05/17,14.8061,12.4918,2.314
01/04/17,14.9124,12.6105,2.301
01/03/17,15.4276,13.0819,2.346
12/30/16,16.0871,13.7395,2.347
12/29/16,15.8035,13.509,2.295
12/28/16,15.5691,13.305,2.264
12/27/16,15.0602,12.9062,2.154
12/23/16,15.0729,12.9851,2.088
12/22/16,15.1009,12.9528,2.148
12/21/16,14.992,12.9417,2.05
12/20/16,14.868,12.8694,1.999
12/19/16,15.021,12.9492,2.072
12/16/16,15.1421,12.9652,2.177
12/15/16,15.3161,13.1427,2.173
12/14/16,15.4692,13.4763,1.993
12/13/16,15.5529,13.485,2.068
12/12/16,15.5372,13.5833,1.954
12/09/16,15.2787,13.2385,2.04
12/08/16,15.5429,13.6098,1.933
12/07/16,15.2896,13.2477,2.042
12/06/16,15.5824,13.4093,2.173
12/05/16,15.6885,13.5675,2.121
12/02/16,16.266,13.9983,2.268
12/01/16,16.2184,13.9754,2.243
11/30/16,15.8745,13.6582,2.217
11/29/16,15.7356,13.5878,2.148
11/28/16,15.7219,13.544,2.178
11/25/16,15.4438,13.256,2.188
11/23/16,15.4518,13.2735,2.178
11/22/16,15.4569,13.3032,2.154
11/21/16,15.4854,13.2379,2.247
11/18/16,15.6203,13.3877,2.232
11/17/16,15.615,13.4045,2.21
11/16/16,15.8043,13.5428,2.261
11/15/16,15.6431,13.4002,2.243
11/14/16,16.2866,13.9932,2.294
11/11/16,15.9694,13.6169,2.352
11/10/16,15.9097,13.5142,2.396
11/09/16,15.5972,13.1788,2.418
11/08/16,16.6182,14.0837,2.534
11/07/16,16.6487,14.1451,2.504
11/04/16,18.6068,16.1063,2.501
11/03/16,18.3485,15.8445,2.504
11/02/16,17.8425,15.3849,2.458
11/01/16,17.6741,15.2153,2.459
10/31/16,17.2033,14.7389,2.464
10/28/16,16.7749,14.3469,2.428
10/27/16,16.6149,14.2794,2.336
10/26/16,16.2156,13.8162,2.4
10/25/16,15.9049,13.5029,2.402
10/24/16,15.8995,13.4572,2.443
10/21/16,16.1747,13.7601,2.415
10/20/16,16.2286,13.8291,2.4
10/19/16,16.3894,14.0074,2.382
10/18/16,16.6933,14.2832,2.41
10/17/16,17.0788,14.7588,2.32
10/14/16,16.9599,14.555,2.405
10/13/16,17.0317,14.6392,2.393
10/12/16,16.6926,14.2763,2.417
10/11/16,16.7077,14.2126,2.495
10/10/16,15.8344,13.4059,2.428
10/07/16,16.1245,13.656,2.469
10/06/16,15.8057,13.3675,2.438
10/05/16,16.0201,13.5467,2.473
10/04/16,16.1966,13.7348,2.462
10/03/16,16.0454,13.5507,2.494
09/30/16,16.0297,13.5623,2.468
09/29/16,16.3795,13.8865,2.493
09/28/16,15.7516,13.2759,2.476
09/27/16,16.0745,13.6949,2.38
09/26/16,16.6899,14.238,2.452
09/23/16,15.8391,13.3515,2.487
09/22/16,15.7316,13.3017,2.43
09/21/16,16.1555,13.7332,2.423
09/20/16,17.1401,14.7048,2.435
09/19/16,16.9455,14.5179,2.428
09/16/16,17.0113,14.6019,2.409
09/15/16,17.1991,14.7505,2.448
09/14/16,18.107,15.6296,2.477
09/13/16,17.7483,15.2495,2.498
09/12/16,16.5506,14.0984,2.453
09/09/16,17.6714,15.1603,2.511
09/08/16,15.655,13.1479,2.507
09/07/16,15.2809,12.8657,2.415
09/06/16,15.3629,13.004,2.359
09/02/16,15.6262,13.1417,2.484
09/01/16,16.0174,13.5239,2.493
08/31/16,15.8794,13.428,2.451
08/30/16,15.6278,13.1377,2.49
08/29/16,15.5106,13.0067,2.504
08/26/16,15.8029,13.2879,2.515
08/25/16,15.7695,13.2666,2.503
08/24/16,15.6087,13.1337,2.475
08/23/16,15.2614,12.7834,2.478
08/22/16,15.3568,12.9332,2.424
08/19/16,15.1668,12.7419,2.425
08/18/16,15.2572,12.8344,2.423
08/17/16,15.3527,12.9197,2.433
08/16/16,15.5669,13.1281,2.439
08/15/16,15.1004,12.7181,2.382
08/12/16,15.0474,12.664,2.383
08/11/16,15.0494,12.6511,2.398
08/10/16,15.087,12.6326,2.454
08/09/16,14.8782,12.449,2.429
08/08/16,14.9971,12.5839,2.413
08/05/16,15.1389,12.7468,2.392
08/04/16,15.6757,13.2117,2.464
08/03/16,15.9167,13.5096,2.407
08/02/16,16.0919,13.7036,2.388
08/01/16,15.6281,13.2153,2.413
07/29/16,15.4512,13.1049,2.346
07/28/16,15.8282,13.4818,2.346
07/27/16,15.869,13.5059,2.363
07/26/16,15.8526,13.4767,2.376
07/25/16,15.9409,13.5435,2.397
07/22/16,15.6403,13.2526,2.387
07/21/16,15.7249,13.3647,2.36
07/20/16,15.2709,12.9805,2.29
07/19/16,15.3211,12.9151,2.406
07/18/16,15.3858,12.9787,2.407
07/15/16,15.4626,13.1671,2.296
07/14/16,15.2933,13.0349,2.258
07/13/16,15.2815,12.9051,2.377
07/12/16,15.3515,13.1158,2.236
07/11/16,15.8413,13.4109,2.43
07/08/16,16.0166,13.5834,2.434
07/07/16,16.9862,14.5153,2.471
07/06/16,17.0603,14.6353,2.425
07/05/16,17.274,14.8604,2.414
07/01/16,16.9256,14.5222,2.404
06/30/16,17.2019,14.7638,2.438
06/29/16,17.6091,15.1585,2.45
06/28/16,18.6226,16.2795,2.344
06/27/16,20.529,18.1709,2.358
06/24/16,20.3394,17.7775,2.561
06/23/16,16.6798,14.1752,2.505
06/22/16,18.3288,15.7317,2.597
06/21/16,17.8322,15.3469,2.485
06/20/16,17.8219,15.3841,2.438
06/17/16,18.8076,16.31,2.498
06/16/16,18.598,16.0725,2.525
06/15/16,18.9314,16.4544,2.477
06/14/16,19.3079,16.8382,2.47
06/13/16,19.4105,16.8296,2.581
06/10/16,17.7236,15.2218,2.502
06/09/16,16.7063,14.2862,2.42
06/08/16,16.29,13.8643,2.426
06/07/16,16.3658,13.9799,2.386
06/06/16,16.2848,13.8886,2.396
06/03/16,16.2931,13.8968,2.396
06/02/16,16.1791,13.8312,2.348
06/01/16,16.3751,14.0134,2.362
05/31/16,16.4255,14.0896,2.336
05/27/16,16.0543,13.7495,2.304
05/26/16,16.3147,13.9126,2.402
05/25/16,16.4672,14.1536,2.313
05/24/16,16.712,14.3213,2.391
05/23/16,17.6719,15.3353,2.337
05/20/16,17.7177,15.2493,2.469
05/19/16,18.0342,15.6478,2.386
05/18/16,17.9209,15.4574,2.464
05/17/16,17.8144,15.3449,2.469
05/16/16,17.3048,14.8562,2.449
05/13/16,17.6623,15.2434,2.419
05/12/16,17.2623,14.8489,2.413
05/11/16,17.4723,15.0678,2.404
05/10/16,16.8844,14.4744,2.41
05/09/16,17.4563,15.0918,2.364
05/06/16,17.6518,15.2817,2.37
05/05/16,18.0622,15.6333,2.429
05/04/16,17.9324,15.5338,2.398
05/03/16,17.6541,15.1938,2.46
05/02/16,17.0307,14.5687,2.462
04/29/16,17.5435,15.0786,2.465
04/28/16,17.0896,14.6118,2.478
04/27/16,16.3483,13.9957,2.352
04/26/16,16.4924,14.0777,2.414
04/25/16,16.6494,14.2586,2.39
04/22/16,16.4158,14.0299,2.386
04/21/16,16.711,14.3437,2.367
04/20/16,16.2493,13.8629,2.386
04/19/16,16.1445,13.7262,2.419
04/18/16,16.2913,13.8646,2.426
04/15/16,16.8866,14.2021,2.685
04/14/16,16.9156,14.28,2.636
04/13/16,16.942,14.2727,2.669
04/12/16,17.5664,14.9022,2.664
04/11/16,18.2098,15.4695,2.74
04/08/16,17.8105,15.1252,2.686
04/07/16,18.166,15.5311,2.635
04/06/16,17.0095,14.3617,2.648
04/05/16,17.669,15.0664,2.603
04/04/16,16.9495,14.3835,2.566
04/01/16,16.4479,13.9329,2.515
03/31/16,16.8702,14.3769,2.493
03/30/16,16.6365,14.1511,2.486
03/29/16,17.0566,14.5754,2.482
03/28/16,17.7916,15.3096,2.482
03/24/16,17.6529,15.1689,2.484
03/23/16,17.5921,15.1664,2.426
03/22/16,17.3006,14.8381,2.463
03/21/16,17.2127,14.82,2.393
03/18/16,18.1123,14.1563,3.956
03/17/16,18.2219,14.3617,3.86
03/16/16,18.5184,14.615,3.903
03/15/16,19.1924,15.393,3.799
03/14/16,19.0338,15.2941,3.74
03/11/16,19.1906,15.4168,3.774
03/10/16,20.0559,16.34,3.716
03/09/16,20.1591,16.3871,3.772
03/08/16,20.3268,16.519,3.808
03/07/16,19.4753,15.7308,3.744
03/04/16,19.2971,15.5955,3.701
03/03/16,19.3155,15.7237,3.592
03/02/16,19.5289,15.8859,3.643
03/01/16,19.8743,16.2589,3.615
02/29/16,21.4999,17.8423,3.658
02/26/16,20.9916,17.4135,3.578
02/25/16,20.7958,17.2927,3.503
02/24/16,21.6459,18.1116,3.534
02/23/16,21.8347,18.3449,3.49
02/22/16,21.0141,17.5612,3.453
02/19/16,21.8117,18.4623,3.35
02/18/16,22.2363,18.9034,3.333
02/17/16,22.4837,19.1899,3.294
02/16/16,23.5825,20.2437,3.339
02/12/16,24.5884,21.2724,3.316
02/11/16,25.3531,22.0696,3.283
02/10/16,24.4061,21.1859,3.22
02/09/16,24.4133,21.2195,3.193
02/08/16,24.0126,20.8875,3.125
02/05/16,22.8821,19.8456,3.036
02/04/16,22.0566,18.9503,3.107
02/03/16,21.6945,18.5954,3.1
02/02/16,21.8746,18.7251,3.15
02/01/16,20.6802,17.6457,3.034
01/29/16,20.6845,17.7056,2.979
01/28/16,21.8185,18.8198,2.999
01/27/16,22.2738,19.3404,2.934
01/26/16,21.7889,18.9102,2.879
01/25/16,22.5329,19.6238,2.909
01/22/16,21.689,18.7661,2.923
01/21/16,23.3176,20.3857,2.932
01/20/16,23.3676,20.4106,2.957
01/19/16,22.6905,19.7637,2.927
01/15/16,22.8941,19.9952,2.899
01/14/16,21.4749,18.7212,2.754
01/13/16,22.4428,19.684,2.759
01/12/16,20.9432,18.2352,2.708
01/11/16,21.5292,18.696,2.833
01/08/16,22.3912,19.8048,2.586
01/07/16,21.5373,18.9672,2.57
01/06/16,19.9039,17.3274,2.577
01/05/16,19.2813,16.7132,2.568
01/04/16,19.7005,17.1226,2.578
12/31/15,18.6914,16.1066,2.584
12/30/15,18.1394,15.5948,2.544
12/29/15,17.5823,15.0919,2.49
12/28/15,18.162,15.6715,2.49
12/24/15,18.2168,15.8048,2.412
12/23/15,18.0322,15.6558,2.376
12/22/15,18.5163,16.2335,2.282
12/21/15,19.3201,16.9911,2.329
12/18/15,20.1753,17.8055,2.369
12/17/15,19.9561,15.9613,3.995
12/16/15,19.0026,15.1393,3.864
12/15/15,20.0749,16.0373,4.038
12/14/15,20.846,16.9815,3.864
12/11/15,21.4557,17.4613,3.995
12/10/15,19.8806,15.918,3.963
12/09/15,19.8108,15.743,4.068
12/08/15,19.1078,15.2478,3.86
12/07/15,18.341,14.3763,3.965
12/04/15,18.2166,14.2608,3.956
12/03/15,19.2504,15.1632,4.087
12/02/15,18.3494,14.3376,4.011
12/01/15,17.8435,13.7846,4.059
11/30/15,18.9772,14.2321,4.745
11/27/15,18.3,14.2291,4.071
11/25/15,18.4899,14.3651,4.125
11/24/15,18.5944,14.5522,4.042
11/23/15,18.2738,14.6924,3.582
11/20/15,18.1758,14.8348,3.341
11/19/15,18.4869,15.244,3.243
11/18/15,18.2007,14.8024,3.399
11/17/15,19.2334,15.7419,3.491
11/16/15,18.8866,15.6918,3.195
11/13/15,19.8895,16.7218,3.168
11/12/15,18.9809,15.6866,3.294
11/11/15,17.818,14.7345,3.083
11/10/15,17.5241,14.3848,3.139
11/09/15,17.8699,14.6725,3.197
11/06/15,16.9696,13.8434,3.127
11/05/15,17.2467,13.9516,3.295
11/04/15,17.3859,14.0637,3.322
11/03/15,16.678,13.6451,3.033
11/02/15,16.7067,13.6055,3.101
10/30/15,17.3449,14.2926,3.052
10/29/15,17.2024,14.0585,3.143
10/28/15,16.8401,14.195,2.645
10/27/15,17.7436,14.3633,3.381
10/26/15,17.621,14.5867,3.034
10/23/15,17.0142,14.2524,2.762
10/22/15,17.0688,13.9929,3.076
10/21/15,18.4028,15.4426,2.96
10/20/15,17.8587,14.9977,2.861
10/19/15,17.3507,14.75,2.601
10/16/15,17.8524,15.1674,2.685
10/15/15,18.0287,15.4705,2.558
10/14/15,19.2391,16.4713,2.768
10/13/15,18.6722,16.3083,2.364
10/12/15,18.1371,15.3612,2.776
10/09/15,18.6067,16.0087,2.598
10/08/15,18.5596,16.1705,2.389
10/07/15,19.3655,16.6697,2.696
10/06/15,19.6909,17.2561,2.435
10/05/15,19.5625,17.1486,2.414
10/02/15,20.4921,18.0572,2.435
10/01/15,21.2187,18.8888,2.33
09/30/15,21.5092,19.2236,2.285
09/29/15,22.5417,20.1303,2.412
09/28/15,22.8405,20.4741,2.367
09/25/15,21.2116,18.8947,2.317
09/24/15,21.1033,18.8403,2.263
09/23/15,20.5179,18.1997,2.318
09/22/15,20.9062,18.5988,2.307
09/21/15,19.6473,17.3139,2.333
09/18/15,20.5437,18.252,2.292
09/17/15,20.562,16.5195,4.042
09/16/15,20.1777,16.4895,3.688
09/15/15,21.4459,17.5582,3.888
09/14/15,22.5908,18.5837,4.007
09/11/15,22.2306,18.2706,3.96
09/10/15,22.8858,18.8349,4.051
09/09/15,23.1651,19.0791,4.086
09/08/15,22.7813,18.8364,3.945
09/04/15,24.4023,20.3914,4.011
09/03/15,23.3873,19.2983,4.089
09/02/15,23.1842,19.2238,3.96
09/01/15,24.8513,20.8142,4.037
08/31/15,22.8037,18.7714,4.033
08/28/15,21.8625,17.8167,4.046
08/27/15,21.3429,17.3205,4.022
08/26/15,22.2967,18.1241,4.173
08/25/15,24.3708,20.0347,4.336
08/24/15,25.0562,20.7239,4.332
08/21/15,20.6954,17.4226,3.272
08/20/15,18.4592,15.1071,3.352
08/19/15,16.8306,13.4679,3.363
08/18/15,16.2594,12.8606,3.398
08/17/15,15.9048,12.5905,3.314
08/14/15,16.142,12.9399,3.202
08/13/15,16.3783,13.2026,3.175
08/12/15,16.4143,13.2518,3.162
08/11/15,16.3742,13.2736,3.1
08/10/15,15.5839,12.5429,3.041
08/07/15,16.1496,13.2039,2.946
08/06/15,16.1443,13.1515,2.992
08/05/15,15.6246,12.6742,2.951
08/04/15,15.795,12.9059,2.889
08/03/15,15.656,12.6927,2.963
07/31/15,15.4653,12.626,2.839
07/30/15,15.385,12.5228,2.862
07/29/15,15.4742,12.6303,2.844
07/28/15,15.829,13.0488,2.78
07/27/15,16.6712,13.9265,2.744
07/24/15,15.9766,13.1817,2.795
07/23/15,15.4271,12.6413,2.786
07/22/15,15.0319,12.3179,2.714
07/21/15,15.0549,12.4085,2.646
07/20/15,15.0272,12.3491,2.678
07/17/15,14.8888,12.3458,2.543
07/16/15,15.1131,12.496,2.617
07/15/15,15.5516,12.8334,2.719
07/14/15,15.6442,13.021,2.623
07/13/15,15.7243,13.1047,2.619
07/10/15,16.9558,14.3431,2.613
07/09/15,18.2306,15.5707,2.66
07/08/15,17.9579,15.3577,2.6
07/07/15,16.6679,14.1797,2.488
07/06/15,17.098,14.6452,2.453
07/02/15,16.7432,14.3348,2.408
07/01/15,16.4249,14.0527,2.372
06/30/15,17.1871,14.8363,2.351
06/29/15,17.5283,15.1285,2.399
06/26/15,15.5892,13.3271,2.262
06/25/15,15.5862,13.3704,2.216
06/24/15,15.4772,13.2132,2.264
06/23/15,15.1451,12.8505,2.294
06/22/15,15.3237,13.0631,2.261
06/19/15,15.8898,13.6553,2.235
06/18/15,16.3144,12.6697,3.644
06/17/15,16.853,13.1893,3.664
06/16/15,16.9831,13.2284,3.755
06/15/15,17.0938,13.2798,3.814
06/12/15,16.5757,12.7927,3.783
06/11/15,16.0581,12.3595,3.698
06/10/15,16.4335,12.6999,3.734
06/09/15,17.2466,13.5557,3.691
06/08/15,17.4001,13.7503,3.65
06/05/15,16.8063,13.029,3.777
06/04/15,16.907,13.0333,3.874
06/03/15,16.1721,12.4078,3.764
06/02/15,16.527,12.6439,3.883
06/01/15,16.1931,12.4256,3.767
05/29/15,16.3808,12.5448,3.836
05/28/15,15.9757,12.2914,3.685
05/27/15,15.9439,12.2183,3.726
05/26/15,16.3951,12.5917,3.803
05/22/15,15.7153,11.9687,3.746
05/21/15,15.74,11.9745,3.765
05/20/15,15.9493,12.1362,3.813
05/19/15,16.0445,12.2338,3.811
05/18/15,16.1059,12.3085,3.797
05/15/15,15.8622,12.6812,3.181
05/14/15,15.919,12.8088,3.11
05/13/15,16.5225,13.3687,3.154
05/12/15,16.5845,13.4442,3.141
05/11/15,16.5411,13.422,3.119
05/08/15,16.0024,12.9871,3.015
05/07/15,16.9261,13.8218,3.104
05/06/15,17.0195,13.9765,3.043
05/05/15,16.7523,13.7647,2.987
05/04/15,15.893,12.9789,2.914
05/01/15,15.9141,13.0584,2.856
04/30/15,16.8374,13.8941,2.943
04/29/15,16.1952,13.2928,2.902
04/28/15,15.7683,12.969,2.799
04/27/15,16.0869,13.3441,2.743
04/24/15,15.7855,13.0566,2.729
04/23/15,15.8127,13.0659,2.747
04/22/15,15.7945,13.0597,2.735
04/21/15,16.0457,13.3265,2.719
04/20/15,16.1122,13.3534,2.759
04/17/15,16.5586,13.8098,2.749
04/16/15,15.8088,13.104,2.705
04/15/15,15.8375,13.1466,2.691
04/14/15,16.1559,13.4456,2.71
04/13/15,16.3564,13.7402,2.616
04/10/15,15.8091,13.1472,2.662
04/09/15,16.2035,13.5452,2.658
04/08/15,16.6396,13.9859,2.654
04/07/15,16.8985,14.3102,2.589
04/06/15,16.8595,14.2728,2.587
04/03/15,17.1467,14.6385,2.508
04/02/15,17.0866,14.5947,2.492
04/01/15,17.2847,14.7879,2.497
03/31/15,17.2759,14.7959,2.48
03/30/15,16.7186,14.2323,2.487
03/27/15,17.2445,14.815,2.43
03/26/15,17.3131,14.9213,2.392
03/25/15,17.27,14.8184,2.452
03/24/15,16.4721,14.0778,2.394
03/23/15,16.2023,13.8407,2.361
03/20/15,16.0934,13.7362,2.357
03/19/15,17.3474,13.4435,3.903
03/18/15,16.8126,12.791,4.022
03/17/15,17.662,13.7493,3.913
03/16/15,17.5291,13.6847,3.844
03/13/15,17.9258,14.0835,3.842
03/12/15,17.5471,13.8378,3.709
03/11/15,18.1817,14.3596,3.822
03/10/15,17.9102,13.9373,3.973
03/09/15,17.178,13.2442,3.934
03/06/15,17.3054,13.3899,3.915
03/05/15,16.3339,12.3541,3.98
03/04/15,16.6906,12.6936,3.997
03/03/15,16.5233,12.5535,3.969
03/02/15,16.1566,12.3379,3.819
02/27/15,16.6707,12.6929,3.978
02/26/15,16.4904,12.623,3.867
02/25/15,16.4274,12.6525,3.774
02/24/15,16.4818,12.69,3.792
02/23/15,17.1005,13.1224,3.979
02/20/15,16.7269,13.4335,3.293
02/19/15,17.2822,13.9948,3.287
02/18/15,17.3196,13.9322,3.388
02/17/15,17.2426,13.9419,3.301
02/13/15,17.0866,13.8701,3.217
02/12/15,17.3444,14.1116,3.232
02/11/15,18.1379,14.9413,3.197
02/10/15,18.3125,15.1489,3.164
02/09/15,18.9854,15.7495,3.235
02/06/15,18.3788,15.2639,3.115
02/05/15,18.0508,14.7787,3.272
02/04/15,18.2691,15.9733,2.296
02/03/15,17.9748,14.8556,3.119
02/02/15,18.8204,15.9367,2.883
01/30/15,19.8517,16.791,3.061
01/29/15,18.3577,15.4445,2.913
01/28/15,19.3336,16.3164,3.018
01/27/15,17.7721,14.8186,2.953
01/26/15,17.1237,14.2325,2.891
01/23/15,17.4744,14.5794,2.895
01/22/15,17.2595,14.4532,2.807
01/21/15,18.4663,15.5698,2.896
01/20/15,18.9541,16.1847,2.769
01/16/15,19.0848,16.3313,2.754
01/15/15,20.2943,16.2127,4.081
01/14/15,19.2237,16.5019,2.722
01/13/15,19.0169,16.0972,2.92
01/12/15,18.6758,15.9773,2.699
01/09/15,18.0387,15.381,2.658
01/08/15,17.4359,14.917,2.519
01/07/15,18.6156,15.9786,2.637
01/06/15,19.4042,16.8253,2.579
01/05/15,18.8218,16.2741,2.548
01/02/15,17.7762,15.3596,2.416
12/31/14,17.9108,15.4045,2.506
12/30/14,16.8625,14.4472,2.416
12/29/14,16.5002,14.1145,2.385
12/26/14,16.4198,14.1128,2.307
12/24/14,16.5837,14.2896,2.294
12/23/14,16.6147,14.3319,2.283
12/22/14,16.5574,14.3689,2.188
12/19/14,16.9456,14.6557,2.29
12/18/14,17.9625,14.5464,3.417
12/17/14,19.5297,15.893,3.637
12/16/14,21.3342,17.5447,3.789
12/15/14,20.2377,16.4691,3.769
12/12/14,20.6657,16.7488,3.917
12/11/14,19.3503,15.6013,3.749
12/10/14,18.6125,14.9053,3.708
12/09/14,16.9135,13.4558,3.458
12/08/14,16.8001,13.3542,3.446
12/05/14,16.1425,12.7062,3.436
12/04/14,16.2705,12.9814,3.289
12/03/14,16.1844,12.8023,3.382
12/02/14,16.3579,13.0613,3.297
12/01/14,16.8094,13.4174,3.392
11/28/14,16.3552,13.1007,3.254
11/26/14,15.9585,12.5778,3.381
11/25/14,15.9861,12.675,3.311
11/24/14,15.9973,12.5501,3.447
11/21/14,15.7646,12.9224,2.843
11/20/14,15.8427,12.8927,2.95
11/19/14,16.064,13.0874,2.977
11/18/14,15.8349,12.9475,2.887
11/17/14,15.9969,13.0771,2.92
11/14/14,15.8703,13.0054,2.865
11/13/14,15.8854,13.026,2.859
11/12/14,15.7652,12.9261,2.839
11/11/14,15.5818,12.8505,2.731
11/10/14,15.5142,12.7934,2.721
11/07/14,15.9795,13.2682,2.712
11/06/14,16.1653,13.4999,2.665
11/05/14,16.5344,13.865,2.669
11/04/14,16.8951,14.129,2.766
11/03/14,16.607,13.9982,2.609
10/31/14,16.3697,13.7896,2.58
10/30/14,16.781,14.1389,2.642
10/29/14,17.0807,14.3911,2.69
10/28/14,16.7349,14.0593,2.676
10/27/14,17.6259,14.9183,2.708
10/24/14,17.4607,14.8565,2.604
10/23/14,17.8623,15.1595,2.702
10/22/14,18.5407,15.8006,2.74
10/21/14,17.8049,15.1414,2.664
10/20/14,18.9979,16.1694,2.829
10/17/14,19.5935,16.8718,2.722
10/16/14,21.0542,18.2437,2.81
10/15/14,21.415,18.6307,2.784
10/14/14,19.959,17.2249,2.734
10/13/14,20.2713,17.6716,2.599
10/10/14,18.8411,16.2667,2.574
10/09/14,17.6355,15.1517,2.484
10/08/14,16.3036,13.8013,2.503
10/07/14,17.42,14.8465,2.573
10/06/14,16.384,13.9341,2.45
10/03/14,16.0935,13.6812,2.412
10/02/14,16.9456,14.4986,2.447
10/01/14,17.0403,14.6234,2.417
09/30/14,16.4305,13.9362,2.495
09/29/14,16.1707,13.7114,2.46
09/26/14,15.5945,13.1891,2.406
09/25/14,15.9106,13.6451,2.266
09/24/14,14.9136,12.6134,2.301
09/23/14,15.5275,13.2106,2.317
09/22/14,14.9502,12.7288,2.221
09/19/14,14.9474,11.4429,3.504
09/18/14,14.9142,11.3777,3.536
09/17/14,15.1635,11.4955,3.668
09/16/14,15.5726,11.7575,3.815
09/15/14,15.9326,12.1879,3.745
09/12/14,15.826,12.0806,3.745
09/11/14,15.4528,11.7692,3.684
09/10/14,15.4573,11.7999,3.657
09/09/14,15.7094,11.989,3.72
09/08/14,15.4229,11.7662,3.657
09/05/14,15.0913,11.4816,3.609
09/04/14,15.4822,11.9064,3.576
09/03/14,15.5282,11.9894,3.539
09/02/14,15.5068,11.9726,3.534
08/29/14,15.162,11.6626,3.499
08/28/14,15.2459,11.7014,3.545
08/27/14,14.9968,11.6177,3.379
08/26/14,14.9346,11.4763,3.459
08/25/14,14.8094,11.2911,3.518
08/22/14,14.9101,11.3211,3.589
08/21/14,14.9487,11.3603,3.589
08/20/14,14.8076,11.265,3.543
08/19/14,15.0206,11.3823,3.639
08/18/14,15.073,11.4438,3.629
08/15/14,15.2739,12.1825,3.091
08/14/14,15.1965,12.1635,3.033
08/13/14,15.6246,12.6741,2.951
08/12/14,16.3773,13.4539,2.923
08/11/14,16.3501,13.3685,2.981
08/08/14,16.8716,13.9154,2.957
08/07/14,17.4607,14.5009,2.96
08/06/14,17.1423,14.1825,2.959
08/05/14,17.0233,14.1422,2.881
08/04/14,16.1527,13.3051,2.848
08/01/14,16.6613,13.9239,2.737
07/31/14,16.4609,13.6955,2.765
07/30/14,14.8257,12.2643,2.562
07/29/14,14.854,12.2899,2.564
07/28/14,14.6333,12.0647,2.568
07/25/14,14.6993,12.206,2.493
07/24/14,14.3252,11.8824,2.443
07/23/14,14.2124,11.7067,2.505
07/22/14,14.1553,11.5314,2.624
07/21/14,14.3185,11.6725,2.646
07/18/14,14.0703,11.4468,2.623
07/17/14,14.8259,12.2484,2.578
07/16/14,13.6237,11.2411,2.383
07/15/14,13.9288,11.4737,2.455
07/14/14,13.8111,11.4112,2.4
07/11/14,14.0265,11.6585,2.368
07/10/14,14.2618,11.8683,2.394
07/09/14,13.8497,11.5217,2.328
07/08/14,13.9734,11.7389,2.234
07/07/14,13.6932,11.5214,2.172
07/04/14,12.6815,11.0851,1.597
07/03/14,13.2195,11.1724,2.048
07/02/14,13.3066,11.246,2.061
07/01/14,13.5437,11.4927,2.051
06/30/14,13.7457,11.6856,2.06
06/27/14,13.6914,11.6512,2.04
06/26/14,13.7189,11.6054,2.114
06/25/14,13.7669,11.6973,2.07
06/24/14,13.9401,11.8723,2.068
06/23/14,13.6023,11.5501,2.052
06/20/14,13.4654,11.4362,2.029
06/19/14,14.2195,10.915,3.305
06/18/14,14.3622,11.0769,3.285
06/17/14,14.7634,11.4979,3.265
06/16/14,15.1601,11.8092,3.351
06/13/14,15.0167,11.6663,3.351
06/12/14,15.03,11.6726,3.357
06/11/14,14.619,11.3877,3.231
06/10/14,14.3237,11.1617,3.162
06/09/14,14.4387,11.2375,3.201
06/06/14,14.4046,11.2094,3.196
06/05/14,14.9547,11.6665,3.288
06/04/14,15.1914,11.8837,3.307
06/03/14,15.3532,12.0719,3.281
06/02/14,15.3708,12.1104,3.261
05/30/14,15.2025,11.9436,3.259
05/29/14,15.0693,11.7886,3.28
05/28/14,15.0285,11.6281,3.401
05/27/14,14.8738,11.5758,3.298
05/23/14,15.1329,11.5766,3.556
05/22/14,15.2836,11.7115,3.572
05/21/14,15.0762,11.4986,3.577
05/20/14,15.4198,11.9618,3.458
05/19/14,15.2443,11.7299,3.514
05/16/14,15.1106,12.1914,2.92
05/15/14,15.4517,12.5855,2.866
05/14/14,15.0622,12.2544,2.808
05/13/14,14.8737,12.0693,2.805
05/12/14,14.7038,11.958,2.746
05/09/14,15.1011,12.2487,2.852
05/08/14,15.2912,12.5249,2.766
05/07/14,15.2781,12.519,2.759
05/06/14,15.652,12.8583,2.794
05/05/14,15.4099,12.6665,2.743
05/02/14,15.2837,12.5921,2.692
05/01/14,15.1765,12.511,2.666
04/30/14,15.1352,12.4289,2.706
04/29/14,15.3491,12.6503,2.699
04/28/14,15.3606,12.7257,2.635
04/25/14,15.629,12.9469,2.682
04/24/14,15.2925,12.6668,2.626
04/23/14,15.2675,12.6791,2.589
04/22/14,15.233,12.6248,2.608
04/21/14,15.4001,12.8357,2.564
04/17/14,15.418,12.8702,2.548
04/16/14,15.712,13.1008,2.611
04/15/14,16.1437,13.5415,2.602
04/14/14,16.3928,13.8512,2.542
04/11/14,16.7088,14.2297,2.479
04/10/14,16.2126,13.6881,2.525
04/09/14,15.1683,12.7409,2.427
04/08/14,15.7222,13.2685,2.453
04/07/14,15.9644,13.5571,2.407
04/04/14,15.326,12.9712,2.355
04/03/14,14.9283,12.6222,2.306
04/02/14,14.8084,12.5554,2.253
04/01/14,14.7553,12.5033,2.252
03/31/14,15.1883,12.8672,2.321
03/28/14,15.5556,13.2324,2.324
03/27/14,15.8111,13.5461,2.265
03/26/14,15.8304,13.5637,2.266
03/25/14,15.3638,13.1437,2.22
03/24/14,15.7163,13.5061,2.21
03/21/14,16.2531,12.5713,3.682
03/20/14,16.075,12.4207,3.654
03/19/14,16.3576,12.7661,3.592
03/18/14,16.3592,12.7826,3.576
03/17/14,16.5674,12.8785,3.688
03/14/14,17.4709,13.6182,3.853
03/13/14,17.2095,13.3452,3.865
03/12/14,16.2755,12.6994,3.577
03/11/14,16.4017,12.8396,3.562
03/10/14,16.2797,12.6372,3.643
03/07/14,16.2692,12.6086,3.66
03/06/14,16.1696,12.5566,3.613
03/05/14,15.9303,12.2653,3.665
03/04/14,15.899,12.2698,3.629
03/03/14,16.7644,12.9562,3.808
02/28/14,15.8482,12.2943,3.554
02/27/14,15.8413,12.2365,3.604
02/26/14,16.0823,12.4332,3.649
02/25/14,15.8365,12.2209,3.616
02/24/14,15.833,12.2625,3.57
02/21/14,15.5819,12.4656,3.116
02/20/14,15.7359,12.6632,3.073
02/19/14,16.046,13.0148,3.031
02/18/14,15.4894,12.5196,2.969
02/14/14,15.371,12.5288,2.842
02/13/14,15.6918,12.825,2.867
02/12/14,15.7273,12.9242,2.803
02/11/14,15.8172,13.0208,2.796
02/10/14,16.2889,13.4244,2.865
02/07/14,16.232,13.43,2.802
02/06/14,17.3772,14.5607,2.816
02/05/14,18.5547,15.6127,2.942
02/04/14,18.2315,15.3828,2.849
02/03/14,18.9211,15.9938,2.927
01/31/14,17.5012,14.7242,2.777
01/30/14,16.7559,14.0915,2.664
01/29/14,16.9444,14.2148,2.729
01/28/14,16.3177,13.751,2.567
01/27/14,16.7984,14.2087,2.589
01/24/14,16.7659,14.0702,2.696
01/23/14,15.117,12.7319,2.385
01/22/14,14.8679,12.4717,2.396
01/21/14,14.9497,12.5382,2.412
01/17/14,15.0677,12.7288,2.339
01/16/14,15.0926,12.8261,2.267
01/15/14,14.7974,12.5161,2.281
01/14/14,14.8524,12.6261,2.226
01/13/14,15.1646,12.9169,2.248
01/10/14,14.3518,12.24,2.112
01/09/14,14.6364,12.4563,2.18
01/08/14,14.655,12.5135,2.141
01/07/14,14.6823,12.5527,2.129
01/06/14,14.9807,12.8829,2.098
01/03/14,15.094,13.0476,2.046
01/02/14,15.2133,13.0747,2.138
12/31/13,14.9333,12.8728,2.06
12/30/13,14.8634,12.7797,2.083
12/27/13,14.3562,12.3147,2.041
12/26/13,14.5084,12.3731,2.135
12/24/13,14.4514,12.4165,2.034
12/23/13,14.6464,12.6111,2.035
12/20/13,15.7505,12.4058,3.345
12/19/13,15.8839,12.4621,3.422
12/18/13,15.7421,12.3392,3.403
12/17/13,16.8087,13.3255,3.483
12/16/13,16.8466,13.3912,3.456
12/13/13,16.728,13.2537,3.474
12/12/13,16.6372,13.1869,3.45
12/11/13,16.4828,13.0752,3.408
12/10/13,15.7996,12.5087,3.291
12/09/13,15.568,12.3301,3.238
12/06/13,15.7616,12.3916,3.37
12/05/13,16.47,13.0008,3.469
12/04/13,16.3485,13.0091,3.34
12/03/13,16.3707,12.9959,3.375
12/02/13,16.0958,12.8145,3.281
11/29/13,16.0386,12.7455,3.293
11/27/13,15.8183,12.6456,3.172
11/26/13,15.7954,12.5654,3.23
11/25/13,15.7337,12.4669,3.267
11/22/13,15.5277,12.332,3.196
11/21/13,15.9412,12.6757,3.265
11/20/13,16.2118,12.9562,3.256
11/19/13,16.5767,13.2339,3.343
11/18/13,16.1979,12.968,3.23
11/15/13,15.7932,13.1122,2.681
11/14/13,15.7516,13.083,2.669
11/13/13,15.6961,12.956,2.74
11/12/13,15.877,13.1742,2.703
11/11/13,15.6056,12.9734,2.633
11/08/13,15.509,12.9059,2.603
11/07/13,16.0994,13.4008,2.698
11/06/13,15.5187,12.986,2.533
11/05/13,15.5964,13.0304,2.566
11/04/13,15.3851,12.7874,2.598
11/01/13,15.5934,12.9747,2.618
10/31/13,15.6906,13.0157,2.675
10/30/13,15.4979,12.9413,2.557
10/29/13,15.2404,12.7987,2.441
10/28/13,15.2912,12.7218,2.569
10/25/13,15.1902,12.6598,2.53
10/24/13,15.2492,12.7077,2.541
10/23/13,15.2381,12.7712,2.467
10/22/13,15.1559,12.7898,2.366
10/21/13,15.1581,12.7586,2.399
10/18/13,15.0411,12.6081,2.433
10/17/13,15.5046,12.9362,2.569
10/16/13,16.1115,13.5587,2.553
10/15/13,17.3546,14.6408,2.714
10/14/13,16.5925,13.8597,2.733
10/11/13,16.5302,13.9355,2.594
10/10/13,17.1039,14.6053,2.499
10/09/13,18.4309,15.807,2.624
10/08/13,18.8509,16.1046,2.746
10/07/13,18.0007,15.4658,2.535
10/04/13,16.9317,14.503,2.429
10/03/13,17.309,14.8202,2.489
10/02/13,16.6783,14.2633,2.415
10/01/13,16.2196,13.8998,2.32
09/30/13,16.8605,14.3427,2.518
09/27/13,16.2945,13.9,2.395
09/26/13,15.8272,13.6065,2.22
09/25/13,16.0835,13.856,2.228
09/24/13,16.0452,13.9062,2.139
09/23/13,16.2287,14.0583,2.171
09/20/13,15.8132,13.8666,1.946
09/19/13,16.2878,13.0141,3.274
09/18/13,16.2795,12.9196,3.359
09/17/13,16.7441,13.1125,3.631
09/16/13,16.7184,13.1385,3.579
09/13/13,16.7149,13.0265,3.688
09/12/13,16.894,13.2233,3.671
09/11/13,16.5182,12.8871,3.631
09/10/13,17.0439,13.3337,3.71
09/09/13,17.6159,14.0315,3.584
09/06/13,17.9884,14.2456,3.742
09/05/13,17.9957,14.2919,3.704
09/04/13,18.1016,14.4371,3.665
09/03/13,18.3657,14.651,3.715
08/30/13,18.7477,14.9115,3.836
08/29/13,18.702,14.8411,3.861
08/28/13,18.2791,14.5651,3.714
08/27/13,18.3772,14.5729,3.804
08/26/13,17.2355,13.514,3.722
08/23/13,16.7249,13.1421,3.583
08/22/13,17.0601,13.3629,3.697
08/21/13,17.7067,13.9798,3.727
08/20/13,17.2604,13.5356,3.724
08/19/13,17.4946,13.7275,3.767
08/16/13,16.8203,13.7095,3.11
08/15/13,16.9201,13.8804,3.04
08/14/13,16.2078,13.15,3.058
08/13/13,15.9016,12.9402,2.962
08/12/13,16.1235,13.1674,2.957
08/09/13,16.0899,13.1428,2.947
08/08/13,15.6679,12.8893,2.779
08/07/13,15.7189,12.9627,2.756
08/06/13,15.5633,12.8933,2.67
08/05/13,15.0519,12.4379,2.614
08/02/13,15.1845,12.6384,2.547
08/01/13,15.4436,12.818,2.626
07/31/13,15.8469,13.0968,2.75
07/30/13,15.8491,13.0211,2.828
07/29/13,15.9515,13.1889,2.763
07/26/13,15.7251,13.1233,2.602
07/25/13,15.9182,13.2717,2.646
07/24/13,15.9508,13.4002,2.551
07/23/13,15.7068,13.1754,2.532
07/22/13,15.6366,13.1521,2.485
07/19/13,15.8511,13.3393,2.512
07/18/13,16.1868,13.7947,2.392
07/17/13,16.2785,13.8581,2.421
07/16/13,16.5331,14.1382,2.395
07/15/13,16.2113,13.8842,2.327
07/12/13,16.3284,14.0181,2.31
07/11/13,16.1444,13.8834,2.261
07/10/13,16.372,13.8221,2.55
07/09/13,16.5677,13.8281,2.74
07/08/13,16.942,14.4982,2.444
07/05/13,17.2552,14.7416,2.513
07/03/13,17.9384,15.4073,2.531
07/02/13,17.959,15.523,2.436
07/01/13,17.9625,15.4675,2.495
06/28/13,18.3537,15.8747,2.479
06/27/13,18.3273,15.8144,2.513
06/26/13,18.5768,16.058,2.519
06/25/13,18.9992,16.4578,2.541
06/24/13,19.6902,17.2069,2.483
06/21/13,18.6529,16.1945,2.458
06/20/13,19.8933,15.7463,4.147
06/19/13,18.2171,14.3204,3.897
06/18/13,18.1918,14.3665,3.825
06/17/13,18.3318,14.5824,3.75
06/14/13,18.7325,14.9827,3.75
06/13/13,18.4421,14.6346,3.807
06/12/13,19.2134,15.5031,3.71
06/11/13,18.2654,14.5471,3.718
06/10/13,17.5281,13.9854,3.543
06/07/13,17.5526,13.9011,3.652
06/06/13,18.1466,14.3666,3.78
06/05/13,18.3262,14.7967,3.529
06/04/13,17.9501,14.4381,3.512
06/03/13,17.9193,14.3454,3.574
05/31/13,17.7813,14.2262,3.555
05/30/13,17.0476,13.6782,3.37
05/29/13,16.9934,13.6972,3.296
05/28/13,16.7763,13.6952,3.081
05/24/13,16.9002,13.6611,3.239
05/23/13,17.02,13.9553,3.065
05/22/13,16.7217,13.9187,2.803
05/21/13,16.7311,13.9728,2.758
05/20/13,16.4518,13.549,2.903
05/17/13,15.9195,13.5151,2.405
05/16/13,16.1446,13.5369,2.608
05/15/13,15.9469,13.418,2.529
05/14/13,15.7281,13.1686,2.559
05/13/13,15.7834,13.1076,2.675
05/10/13,15.5787,12.8293,2.75
05/09/13,15.6337,12.8508,2.783
05/08/13,15.1369,12.353,2.784
05/07/13,15.1346,12.2374,2.898
05/06/13,15.0594,12.1446,2.914
05/03/13,15.1293,12.2632,2.866
05/02/13,15.5597,12.5213,3.039
05/01/13,16.0357,12.9865,3.049
04/30/13,15.4165,12.4124,3.005
04/29/13,15.5252,12.5473,2.978
04/26/13,15.5983,12.6679,2.93
04/25/13,15.5036,12.5846,2.919
04/24/13,15.6751,12.7095,2.965
04/23/13,15.5255,12.6039,2.922
04/22/13,16.1888,13.2834,2.906
04/19/13,16.673,13.6434,3.03
04/18/13,17.5426,14.5221,3.021
04/17/13,17.0003,14.1087,2.891
04/16/13,15.6407,12.9245,2.716
04/15/13,17.0439,14.3296,2.714
04/12/13,15.0458,12.404,2.642
04/11/13,14.9246,12.3084,2.617
04/10/13,14.9384,12.2404,2.698
04/09/13,15.3281,12.5884,2.74
04/08/13,15.5197,12.783,2.737
04/05/13,16.0859,13.3302,2.756
04/04/13,15.8565,13.0975,2.759
04/03/13,15.9698,13.2236,2.746
04/02/13,15.3548,12.6778,2.677
04/01/13,15.7712,13.0979,2.673
03/28/13,15.3439,12.7475,2.596
03/27/13,15.5055,12.8706,2.635
03/26/13,15.3491,12.7444,2.605
03/25/13,15.8083,12.9031,2.905
03/22/13,15.6505,13.0378,2.613
03/21/13,16.0134,13.3179,2.695
03/20/13,15.4827,12.883,2.6
03/19/13,15.9261,13.2913,2.635
03/18/13,15.6375,13.0376,2.6
03/15/13,14.8501,12.3821,2.468
03/14/13,15.5091,11.514,3.995
03/13/13,15.7133,11.7352,3.978
03/12/13,15.9447,11.8436,4.101
03/11/13,15.5528,11.6458,3.907
03/08/13,15.9395,11.8402,4.1
03/07/13,16.1888,11.9848,4.204
03/06/13,16.3077,12.1378,4.17
03/05/13,16.1894,11.9229,4.266
03/04/13,16.7834,12.3766,4.406
03/01/13,17.2118,12.8996,4.312
02/28/13,17.0375,12.6825,4.355
02/27/13,16.7841,12.5922,4.192
02/26/13,18.0107,13.541,4.47
02/25/13,18.2469,14.2352,4.012
02/22/13,16.3597,12.2987,4.061
02/21/13,16.9288,12.7001,4.229
02/20/13,16.5655,12.4947,4.071
02/19/13,15.6239,11.5331,4.091
02/15/13,15.5693,12.176,3.393
02/14/13,15.6663,12.2922,3.374
02/13/13,15.7704,12.4102,3.36
02/12/13,15.6045,12.2973,3.308
02/11/13,15.7346,12.3706,3.364
02/08/13,15.8433,12.5412,3.302
02/07/13,16.1564,12.8082,3.348
02/06/13,16.0068,12.7248,3.282
02/05/13,15.9901,12.7648,3.225
02/04/13,16.5134,13.2011,3.312
02/01/13,15.642,12.4268,3.215
01/31/13,16.3119,13.0178,3.294
01/30/13,16.1603,12.8746,3.285
01/29/13,15.5644,12.2854,3.279
01/28/13,15.7999,12.578,3.222
01/25/13,15.6131,12.4392,3.174
01/24/13,15.5904,12.4697,3.12
01/23/13,15.5244,12.3822,3.142
01/22/13,15.7873,12.718,3.069
01/18/13,16.4759,13.4831,2.993
01/17/13,17.0743,14.0165,3.057
01/16/13,17.2177,14.2781,2.94
01/15/13,17.2687,14.273,2.996
01/14/13,17.2453,14.3193,2.926
01/11/13,17.0164,14.1572,2.859
01/10/13,17.0618,14.1931,2.869
01/09/13,17.4615,14.5846,2.877
01/08/13,17.3207,14.3804,2.941
01/07/13,17.3143,14.4232,2.891
01/04/13,17.1915,14.3626,2.829
01/03/13,17.306,14.4658,2.84
01/02/13,17.2175,14.3861,2.832
12/31/12,18.8967,15.9656,2.931
12/28/12,20.8288,17.9462,2.883
12/27/12,19.6794,16.8684,2.811
12/26/12,19.5831,16.8678,2.715
12/24/12,19.1239,16.3553,2.769
12/21/12,18.7247,15.9993,2.726
12/20/12,19.0382,14.8139,4.224
12/19/12,18.9561,14.8595,4.096
12/18/12,18.594,14.511,4.083
12/17/12,18.9691,14.8422,4.127
12/14/12,19.462,15.4034,4.059
12/13/12,19.4364,15.3639,4.072
12/12/12,19.1566,14.9477,4.209
12/11/12,18.7177,14.4052,4.313
12/10/12,18.9688,14.8117,4.157
12/07/12,18.9166,14.7572,4.16
12/06/12,19.3314,15.0842,4.247
12/05/12,19.1668,14.9675,4.199
12/04/12,19.736,15.2199,4.516
12/03/12,19.2915,14.9285,4.363
11/30/12,18.8515,14.5326,4.319
11/29/12,18.6254,14.3385,4.286
11/28/12,18.8071,14.5166,4.29
11/27/12,19.4604,14.976,4.484
11/26/12,19.0503,14.5263,4.524
11/23/12,19.0165,14.4821,4.535
11/21/12,19.4856,14.8714,4.615
11/20/12,19.3211,14.7211,4.6
11/19/12,19.4823,14.9416,4.54
11/16/12,20.0131,16.2694,3.744
11/15/12,20.7624,16.9304,3.832
11/14/12,20.913,16.9792,3.934
11/13/12,20.6417,16.1737,4.468
11/12/12,20.258,16.3745,3.883
11/09/12,20.8535,17.0635,3.79
11/08/12,20.6509,16.6633,3.988
11/07/12,20.5517,16.199,4.353
11/06/12,18.9591,15.2837,3.675
11/05/12,19.3435,15.975,3.369
11/02/12,19.2728,15.6557,3.617
11/01/12,18.6108,14.8935,3.717
10/31/12,18.943,16.4864,2.457
10/30/12,21.7156,13.6911,8.025
10/29/12,21.0305,14.2916,6.739
10/26/12,19.3008,15.8632,3.438
10/25/12,18.9964,16.0685,2.927
10/24/12,19.8362,16.0037,3.832
10/23/12,19.6986,16.0917,3.607
10/22/12,18.6779,15.0026,3.675
10/19/12,18.7606,15.4663,3.295
10/18/12,17.647,14.5755,3.071
10/17/12,17.5048,14.4791,3.026
10/16/12,18.0098,14.4713,3.539
10/15/12,18.0504,14.8692,3.181
10/12/12,18.5501,15.4966,3.053
10/11/12,18.6316,15.0832,3.549
10/10/12,18.4299,16.086,2.344
10/09/12,18.7637,15.4843,3.28
10/08/12,18.648,14.5122,4.136
10/05/12,17.8185,14.8893,2.93
10/04/12,18.1063,14.9402,3.166
10/03/12,18.5906,15.162,3.429
10/02/12,18.4327,15.457,2.976
10/01/12,18.6032,15.4834,3.12
09/28/12,18.5735,15.497,3.077
09/27/12,18.2015,15.2363,2.966
09/26/12,19.3929,15.8845,3.508
09/25/12,18.5903,15.522,3.068
09/24/12,18.062,14.9438,3.118
09/21/12,18.0159,15.2682,2.748
09/20/12,18.8282,14.3999,4.428
09/19/12,18.606,14.4112,4.195
09/18/12,19.7128,15.3791,4.334
09/17/12,19.6143,15.5467,4.067
09/14/12,18.9541,14.8128,4.141
09/13/12,19.7204,13.249,6.471
09/12/12,19.5858,15.1535,4.432
09/11/12,20.3028,15.7992,4.504
09/10/12,20.6736,16.0623,4.612
09/07/12,19.9356,15.3077,4.628
09/06/12,20.5769,15.5701,5.007
09/05/12,21.9342,16.8158,5.118
09/04/12,22.0531,17.4065,4.646
08/31/12,22.2077,17.3266,4.881
08/30/12,22.7223,17.8422,4.88
08/29/12,22.0713,17.3672,4.704
08/28/12,21.8023,16.8889,4.913
08/27/12,21.512,16.8334,4.679
08/24/12,21.3639,16.6447,4.719
08/23/12,21.8002,16.7374,5.063
08/22/12,21.3284,16.6103,4.718
08/21/12,21.0221,16.4368,4.585
08/20/12,20.7665,15.9861,4.781
08/17/12,20.1271,16.1979,3.929
08/16/12,20.464,16.3635,4.101
08/15/12,20.5741,16.5257,4.048
08/14/12,20.3043,16.5961,3.708
08/13/12,19.8435,15.9344,3.91
08/10/12,19.7947,15.9294,3.866
08/09/12,19.8334,16.2475,3.586
08/08/12,20.1244,16.4728,3.651
08/07/12,20.3638,16.7251,3.639
08/06/12,20.2245,16.5414,3.684
08/03/12,20.4722,16.4796,3.992
08/02/12,21.1643,17.411,3.753
08/01/12,21.579,17.7843,3.795
07/31/12,21.3335,17.898,3.436
07/30/12,21.1251,17.3804,3.745
07/27/12,20.6633,16.9639,3.699
07/26/12,21.3823,17.2437,4.138
07/25/12,22.3593,18.558,3.801
07/24/12,22.1069,19.4816,2.625
07/23/12,21.3837,18.6864,2.698
07/20/12,20.7372,17.1585,3.578
07/19/12,19.9267,16.5568,3.37
07/18/12,20.4274,16.2986,4.128
07/17/12,19.9995,16.7092,3.291
07/16/12,21.0259,16.6423,4.384
07/13/12,20.4695,17.0243,3.446
07/12/12,20.5532,18.5373,2.016
07/11/12,21.4153,17.4335,3.981
07/10/12,20.6787,19.0077,1.671
07/09/12,20.753,17.8438,2.909
07/06/12,20.9003,17.4614,3.439
07/05/12,20.7895,17.2359,3.554
07/03/12,20.0084,16.5716,3.436
07/02/12,19.8116,17.3039,2.508
06/29/12,20.5447,17.1872,3.358
06/28/12,21.93,18.844,3.086
06/27/12,22.146,18.8951,3.251
06/26/12,22.502,19.0358,3.466
06/25/12,23.0715,19.5547,3.517
06/22/12,21.606,18.1454,3.461
06/21/12,23.1194,18.8889,4.23
06/20/12,21.22,17.6102,3.61
06/19/12,21.6285,18.308,3.321
06/18/12,22.1872,18.5061,3.681
06/15/12,23.0599,19.2375,3.822
06/14/12,25.0149,18.9312,6.084
06/13/12,26.0659,20.1979,5.868
06/12/12,25.1782,19.5826,5.595
06/11/12,25.7254,19.9279,5.797
06/08/12,23.9404,18.0721,5.868
06/07/12,24.986,19.0863,5.9
06/06/12,27.2194,16.7871,10.432
06/05/12,26.9043,20.9898,5.914
06/04/12,30.161,18.558,11.603
06/01/12,27.9094,21.7087,6.2
05/31/12,25.4887,20.1808,5.308
05/30/12,26.2208,19.5442,6.677
05/29/12,24.3026,18.6164,5.687
05/25/12,25.3306,19.5234,5.808
05/24/12,34.1825,34.239,-0.056
05/23/12,25.3976,19.4946,5.903
05/22/12,25.3981,19.6157,5.782
05/21/12,25.0163,19.5114,5.505
05/18/12,26.379,21.367,5.012
05/17/12,25.9205,20.4004,5.521
05/16/12,24.3334,19.5853,4.748
05/15/12,28.2777,26.2105,2.067
05/14/12,22.8993,19.0226,3.876
05/11/12,21.9081,17.5854,4.323
05/10/12,20.1539,18.2775,1.876
05/09/12,21.5475,17.9451,3.603
05/08/12,21.2739,16.7819,4.492
05/07/12,21.0231,16.7213,4.302
05/04/12,21.0467,16.9935,4.053
05/03/12,21.3947,14.5818,6.813
05/02/12,20.3212,14.83,5.491
05/01/12,19.618,15.5117,4.106
04/30/12,20.4897,14.9402,5.55
04/27/12,19.3777,15.5168,3.861
04/26/12,18.8898,16.0447,2.845
04/25/12,19.9784,15.9414,4.037
04/24/12,21.5151,16.5523,4.963
04/23/12,22.9966,15.9654,7.032
04/20/12,20.902,16.9472,3.955
04/19/12,22.092,16.24,5.852
04/18/12,21.9482,16.3394,5.609
04/17/12,21.4453,16.4271,5.018
04/16/12,21.9997,17.897,4.103
04/13/12,21.9579,18.1272,3.831
04/12/12,20.3586,17.0392,3.32
04/11/12,23.2002,19.884,3.316
04/10/12,23.2704,19.6591,3.611
04/09/12,21.6304,16.1039,5.526
04/06/12,19.8195,16.3929,3.427
04/05/12,19.9559,16.1225,3.834
04/04/12,19.5968,15.7521,3.845
04/03/12,18.9388,15.2993,3.64
04/02/12,18.5668,15.0689,3.498
03/30/12,18.6367,15.365,3.272
03/29/12,18.8017,15.5219,3.28
03/28/12,18.8154,15.5066,3.308
03/27/12,18.5571,15.3707,3.186
03/26/12,17.9345,14.796,3.139
03/23/12,18.9287,15.7316,3.197
03/22/12,19.4645,16.1396,3.325
03/21/12,19.1075,15.9843,3.124
03/20/12,19.7273,16.4717,3.255
03/19/12,20.6143,15.4432,5.171
03/16/12,20.6873,15.6358,5.051
03/15/12,20.9533,15.9,5.053
03/14/12,21.4507,16.0612,5.39
03/13/12,20.889,15.3635,5.525
03/12/12,21.6441,15.9234,5.721
03/09/12,21.9244,16.2565,5.668
03/08/12,22.3153,16.8637,5.451
03/07/12,23.1418,17.3607,5.781
03/06/12,23.8219,17.9123,5.91
03/05/12,22.2675,16.9034,5.365
03/02/12,22.1111,16.6485,5.462
03/01/12,21.9253,16.0781,5.847
02/29/12,21.8522,17.2677,4.584
02/28/12,24.1515,14.604,9.548
02/27/12,24.5283,14.3079,10.22
02/24/12,21.8714,16.4967,5.374
02/23/12,24.3453,13.4641,10.881
02/22/12,22.5623,17.0846,5.477
02/21/12,25.6496,14.0093,11.641
02/17/12,22.136,17.5551,4.581
02/16/12,22.721,17.2766,5.444
02/15/12,23.2488,18.9768,4.272
02/14/12,23.1873,17.0289,6.158
02/13/12,22.6383,16.756,5.882
02/10/12,22.5851,18.0062,4.579
02/09/12,21.3759,17.1898,4.186
02/08/12,20.5396,16.8382,3.702
02/07/12,20.6028,16.6635,3.939
02/06/12,20.8952,16.5446,4.35
02/03/12,20.5878,16.5773,4.011
02/02/12,22.6427,15.6385,7.004
02/01/12,21.9631,17.5619,4.401
01/31/12,22.0886,18.2864,3.803
01/30/12,22.1779,18.0454,4.133
01/27/12,21.781,17.7026,4.078
01/26/12,21.9552,17.6712,4.284
01/25/12,21.6525,17.5393,4.114
01/24/12,22.4765,17.5662,4.911
01/23/12,22.0978,18.1927,3.905
01/20/12,22.4941,18.3131,4.181
01/19/12,23.232,18.9787,4.253
01/18/12,23.5912,19.3694,4.222
01/17/12,24.341,20.0496,4.291
01/13/12,23.9726,20.2418,3.731
01/12/12,25.803,23.181,2.622
01/11/12,25.9267,23.2865,2.64
01/10/12,23.2408,19.6355,3.605
01/09/12,26.037,23.3628,2.674
01/06/12,23.9901,20.1114,3.879
01/05/12,24.2014,20.591,3.61
01/04/12,24.6845,20.7766,3.908
01/03/12,25.2964,21.3555,3.94
12/30/11,25.9452,22.2546,3.69
12/29/11,25.4396,21.9745,3.465
12/28/11,26.5211,22.0546,4.466
12/27/11,25.1298,21.4658,3.664
12/23/11,24.9517,21.5837,3.368
12/22/11,25.6155,21.5889,4.027
12/21/11,25.5023,22.1608,3.341
12/20/11,26.2131,23.0365,3.176
12/19/11,29.0942,25.6123,3.482
12/16/11,28.0809,24.6747,3.406
12/15/11,30.4663,23.251,7.215
12/14/11,30.0555,24.4402,5.616
12/13/11,30.0686,24.1426,5.926
12/12/11,37.3351,36.3309,1.004
12/09/11,28.9804,23.5239,5.456
12/08/11,31.077,25.5063,5.571
12/07/11,29.8926,24.1863,5.707
12/06/11,29.5978,23.9184,5.68
12/05/11,28.9515,24.1165,4.835
12/02/11,29.6391,23.999,5.64
12/01/11,31.1651,22.6759,8.489
11/30/11,29.9325,24.5771,5.356
11/29/11,31.4605,27.1349,4.326
11/28/11,32.8376,26.9849,5.853
11/25/11,34.8197,28.9647,5.855
11/23/11,34.4324,28.5205,5.911
11/22/11,45.6659,45.9469,-0.281
11/21/11,33.2331,27.8669,5.366
11/18/11,32.2938,27.0787,5.215
11/17/11,38.2524,35.9337,2.318
11/16/11,31.5822,26.5442,5.038
11/15/11,30.0724,24.8557,5.216
11/14/11,30.0607,24.9346,5.126
11/11/11,29.2238,24.1349,5.089
11/10/11,30.7176,25.1182,5.6
11/09/11,32.1132,26.5632,5.55
11/08/11,30.1562,20.0889,10.067
11/07/11,29.0419,23.4064,5.636
11/04/11,28.9159,23.9544,4.962
11/03/11,28.8094,23.7885,5.02
11/02/11,30.2852,24.677,5.608
11/01/11,30.4574,25.4785,4.978
10/31/11,27.0111,23.8547,3.156
10/28/11,25.3194,21.0412,4.278
10/27/11,25.4349,21.148,4.287
10/26/11,29.0591,23.2238,5.835
10/25/11,29.6643,24.9817,4.682
10/24/11,29.6067,22.0839,7.523
10/21/11,29.4861,25.2057,4.28
10/20/11,33.1382,30.0925,3.045
10/19/11,31.0021,26.2213,4.781
10/18/11,28.4925,25.6717,2.821
10/17/11,29.9268,26.4891,3.438
10/14/11,28.3442,24.2707,4.073
10/13/11,29.9669,25.6409,4.326
10/12/11,30.0082,25.7914,4.217
10/11/11,33.2367,30.6737,2.563
10/10/11,31.5497,28.0618,3.488
10/07/11,33.5368,29.6687,3.868
10/06/11,35.4004,32.4745,2.925
10/05/11,34.7685,29.6181,5.151
10/04/11,35.8359,31.5226,4.313
10/03/11,40.4812,37.2971,3.184
09/30/11,35.6819,31.6029,4.079
09/29/11,33.3338,28.9449,4.389
09/28/11,35.211,32.2812,2.93
09/27/11,32.6558,28.4939,4.162
09/26/11,33.7296,30.4589,3.271
09/23/11,34.0032,30.1017,3.901
09/22/11,34.7587,29.3883,5.371
09/21/11,32.1968,28.0407,4.156
09/20/11,30.1583,26.2545,3.903
09/19/11,29.8167,26.6662,3.151
09/16/11,29.0832,25.6525,3.43
09/15/11,31.5116,24.7223,6.79
09/14/11,31.6504,26.7089,4.941
09/13/11,32.6995,27.1183,5.582
09/12/11,33.4823,27.0574,6.425
09/09/11,32.8416,26.7011,6.141
09/08/11,31.0527,24.8777,6.175
09/07/11,30.037,23.7699,6.267
09/06/11,31.7866,25.3324,6.455
09/02/11,30.8102,24.6312,6.179
09/01/11,29.7596,23.5756,6.184
08/31/11,29.2994,23.2816,6.017
08/30/11,29.4308,23.6145,5.816
08/29/11,34.0797,16.706,17.374
08/26/11,30.7184,24.0796,6.638
08/25/11,31.8618,25.4958,6.366
08/24/11,32.479,22.4582,10.021
08/23/11,31.3192,24.0968,7.222
08/22/11,33.481,26.5408,6.94
08/19/11,32.5509,26.8088,5.742
08/18/11,31.2504,26.0262,5.224
08/17/11,27.1609,22.7088,4.452
08/16/11,28.8941,21.6631,7.231
08/15/11,28.1912,21.6989,6.492
08/12/11,29.242,24.1353,5.107
08/11/11,32.7349,21.6495,11.085
08/10/11,32.4029,27.1345,5.268
08/09/11,31.5657,19.3128,12.253
08/08/11,33.7118,28.7014,5.011
08/05/11,27.6533,23.1395,4.513
08/04/11,26.6817,22.7921,3.89
08/03/11,23.0787,18.9024,4.177
08/02/11,22.8812,19.4291,3.452
08/01/11,21.9559,18.1163,3.84
07/29/11,22.3394,18.2209,4.118
07/28/11,22.0931,18.585,3.508
07/27/11,22.3961,18.3271,4.069
07/26/11,22.0711,16.0276,6.043
07/25/11,20.5936,17.0323,3.562
07/22/11,19.8888,16.2201,3.669
07/21/11,20.1021,16.1617,3.94
07/20/11,20.3494,17.659,2.69
07/19/11,21.0304,17.154,3.876
07/18/11,21.8738,18.0837,3.79
07/15/11,21.213,17.5888,3.624
07/14/11,22.7348,16.5507,6.184
07/13/11,20.0498,18.6696,1.38
07/12/11,21.02,17.5152,3.505
07/11/11,20.2389,17.2375,3.001
07/08/11,18.9484,15.538,3.41
07/07/11,23.4631,20.7868,2.676
07/06/11,19.234,15.5696,3.664
07/05/11,22.635,19.9832,2.652
07/01/11,18.8245,15.7161,3.109
06/30/11,19.4321,16.4389,2.993
06/29/11,20.1613,16.9749,3.186
06/28/11,20.9418,17.7758,3.166
06/27/11,21.7618,17.9874,3.775
06/24/11,22.0303,18.8511,3.179
06/23/11,21.4617,17.8511,3.611
06/22/11,21.1935,17.8474,3.347
06/21/11,20.9766,17.4603,3.517
06/20/11,21.529,18.3152,3.214
06/17/11,21.9899,18.7997,3.19
06/16/11,22.9883,18.2805,4.707
06/15/11,22.2851,17.6744,4.611
06/14/11,20.4673,16.5119,3.955
06/13/11,22.3617,16.164,6.198
06/10/11,21.2333,16.879,4.354
06/09/11,20.4916,16.1804,4.312
06/08/11,23.2246,14.4666,8.758
06/07/11,21.3451,16.1739,5.171
06/06/11,26.9461,9.2562,17.69
06/03/11,20.8097,16.3643,4.446
06/02/11,23.295,13.1059,10.189
06/01/11,20.7888,16.0092,4.78
05/31/11,19.6024,14.8287,4.773
05/27/11,20.0186,15.3654,4.654
05/26/11,20.041,15.3756,4.665
05/25/11,22.1468,14.857,7.29
05/24/11,20.9389,16.3463,4.593
05/23/11,21.2183,16.5507,4.667
05/20/11,20.3045,16.169,4.136
05/19/11,21.2456,13.7847,7.461
05/18/11,19.9911,15.638,4.353
05/17/11,20.7017,16.3985,4.303
05/16/11,20.2783,17.178,3.1
05/13/11,20.2036,16.3346,3.869
05/12/11,19.6653,15.7861,3.879
05/11/11,19.8939,16.5423,3.352
05/10/11,22.1396,12.6493,9.491
05/09/11,20.27,16.0968,4.173
05/06/11,20.4755,16.7274,3.749
05/05/11,20.6454,16.7761,3.869
05/04/11,20.3595,16.4506,3.909
05/03/11,19.768,16.3164,3.452
05/02/11,19.7366,15.2693,4.468
04/29/11,18.8595,15.2905,3.569
04/28/11,16.9831,16.8574,0.126
04/27/11,19.2189,15.4439,3.775
04/26/11,19.7333,15.3659,4.367
04/25/11,19.6676,15.7752,3.893
04/21/11,19.3683,15.8952,3.473
04/20/11,20.2238,15.3772,4.847
04/19/11,20.7997,15.9649,4.835
04/18/11,20.4511,17.0834,3.368
04/15/11,20.0735,16.4983,3.576
04/14/11,20.6944,16.8101,3.884
04/13/11,19.4817,18.2569,1.225
04/12/11,21.0491,17.2925,3.756
04/11/11,20.4832,17.3643,3.119
04/08/11,20.58,17.0852,3.495
04/07/11,20.3556,16.5411,3.815
04/06/11,19.6869,16.9261,2.761
04/05/11,19.6303,16.8457,2.784
04/04/11,19.9938,16.5923,3.402
04/01/11,19.9626,16.8175,3.145
03/31/11,20.1632,16.8547,3.308
03/30/11,20.4216,16.4461,3.976
03/29/11,20.6691,16.5351,4.134
03/28/11,20.8851,17.6831,3.202
03/25/11,20.363,17.2079,3.155
03/24/11,20.7258,16.7665,3.959
03/23/11,20.8726,18.0973,2.776
03/22/11,21.5853,18.2636,3.321
03/21/11,21.556,18.453,3.103
03/18/11,24.1971,18.6292,5.568
03/17/11,25.0271,19.3636,5.663
03/16/11,25.4719,21.1375,4.334
03/15/11,24.1439,18.9559,5.188
03/14/11,23.2345,17.9442,5.291
03/11/11,22.6139,17.689,4.925
03/10/11,23.4705,18.3706,5.1
03/09/11,22.4367,17.4675,4.969
03/08/11,24.8004,14.0503,10.75
03/07/11,26.212,13.2204,12.992
03/04/11,21.759,16.7233,5.036
03/03/11,17.7692,19.551,-1.782
03/02/11,22.1622,16.9856,5.176
03/01/11,21.9309,17.5252,4.406
02/28/11,21.9196,14.4842,7.436
02/25/11,21.2173,16.23,4.987
02/24/11,24.2154,15.2398,8.975
02/23/11,23.9073,15.626,8.281
02/22/11,20.5175,17.9277,2.59
02/18/11,19.2407,15.2284,4.013
02/17/11,18.3368,15.7217,2.615
02/16/11,19.0315,14.5741,4.458
02/15/11,18.7968,14.4106,4.386
02/14/11,18.2154,14.6684,3.547
02/11/11,18.2387,14.4306,3.808
02/10/11,18.1056,15.1496,2.956
02/09/11,18.3443,14.7403,3.604
02/08/11,18.5426,14.4545,4.088
02/07/11,18.5146,15.0269,3.488
02/04/11,18.7612,15.0681,3.693
02/03/11,19.1541,15.4044,3.75
02/02/11,19.9974,14.7704,5.227
02/01/11,19.1758,15.6227,3.553
01/31/11,21.06,15.4105,5.649
01/28/11,20.541,16.7157,3.825
01/27/11,18.8989,15.5603,3.339
01/26/11,19.3753,15.8836,3.491
01/25/11,19.8294,16.2903,3.539
01/24/11,20.0159,16.6526,3.363
01/21/11,20.5099,17.0293,3.481
01/20/11,20.5173,16.7338,3.783
01/19/11,20.3059,16.9465,3.359
01/18/11,21.0317,14.2443,6.788
01/14/11,19.6127,16.3326,3.28
01/13/11,20.4302,16.6008,3.829
01/12/11,20.1603,16.9629,3.197
01/11/11,20.7185,17.6079,3.111
01/10/11,21.1666,17.6542,3.513
01/07/11,20.9996,17.813,3.187
01/06/11,20.8959,17.8657,3.03
01/05/11,20.8549,17.8224,3.033
01/04/11,22.4606,19.9878,2.473
01/03/11,22.516,20.067,2.449
12/31/10,21.8022,18.7334,3.069
12/30/10,21.8966,18.5449,3.352
12/29/10,21.5242,18.269,3.255
12/28/10,22.4028,19.8112,2.592
12/27/10,22.3619,19.2755,3.086
12/23/10,21.0907,18.052,3.039
12/22/10,20.7853,17.859,2.926
12/21/10,20.4619,17.6315,2.83
12/20/10,20.9457,17.4363,3.51
12/17/10,22.076,17.2483,4.828
12/16/10,22.3081,17.4466,4.861
12/14/10,21.9304,17.3435,4.586
12/13/10,22.6269,16.7256,5.901
12/10/10,21.7398,16.989,4.751
12/09/10,21.8386,17.3054,4.534
12/08/10,22.3926,17.3599,5.033
12/07/10,22.7486,18.2798,4.469
12/06/10,22.9218,18.0645,4.857
12/03/10,23.194,18.1778,5.016
12/02/10,23.85,18.7828,5.067
12/01/10,24.8178,19.9312,4.887
11/30/10,25.8555,20.8647,4.991
11/29/10,24.8971,19.5071,5.39
11/26/10,25.1108,19.7125,5.398
11/24/10,23.4373,18.6028,4.834
11/23/10,24.1811,19.0679,5.113
11/22/10,23.1095,18.2824,4.828
11/19/10,23.1987,18.7014,4.498
11/18/10,23.3502,18.9627,4.387
11/17/10,28.0417,15.5168,12.525
11/16/10,25.272,20.3226,4.949
11/15/10,23.3564,19.4706,3.885
11/12/10,23.6292,19.3906,4.238
11/11/10,22.4777,18.5365,3.941
11/10/10,21.7179,19.0991,2.619
11/09/10,22.1442,18.6801,3.464
11/08/10,21.7035,18.2691,3.435
11/05/10,21.7264,17.9521,3.774
11/04/10,21.5176,18.0677,3.45
11/03/10,22.4922,19.0303,3.462
11/02/10,24.6254,19.094,5.531
11/01/10,23.8605,20.3153,3.546
10/29/10,23.9435,20.08,3.864
10/28/10,23.9971,20.0473,3.95
10/27/10,23.932,19.9153,4.017
10/26/10,23.6266,19.7982,3.829
10/25/10,23.4265,19.6227,3.804
10/22/10,23.3102,19.3792,3.931
10/21/10,23.7133,19.7252,3.988
10/20/10,24.3856,20.3822,4.004
10/19/10,24.9035,20.9629,3.941
10/18/10,24.2209,20.313,3.908
10/15/10,24.6062,20.7434,3.863
10/14/10,24.8525,20.7246,4.128
10/13/10,24.6887,20.4373,4.252
10/12/10,25.0492,20.7046,4.344
10/11/10,25.0547,21.2049,3.85
10/08/10,25.0878,21.2332,3.855
10/07/10,25.629,21.7914,3.838
10/06/10,25.5735,21.7665,3.807
10/05/10,25.9407,21.5929,4.348
10/04/10,26.8833,22.7038,4.179
10/01/10,26.1031,22.1485,3.954
09/30/10,26.4305,22.5797,3.851
09/29/10,25.8804,22.2956,3.584
09/28/10,25.801,21.5322,4.269
09/27/10,25.6568,21.6002,4.057
09/24/10,25.2175,21.2979,3.92
09/23/10,26.0172,22.3663,3.651
09/22/10,25.8018,21.4601,4.342
09/21/10,25.0348,21.5797,3.455
09/20/10,24.6353,20.9873,3.648
09/17/10,26.8017,20.5835,6.218
09/16/10,26.2471,20.355,5.892
09/15/10,26.1524,20.1382,6.014
09/14/10,26.1161,20.7892,5.327
09/13/10,26.3826,20.2012,6.182
09/10/10,26.9858,21.3823,5.604
09/09/10,27.0274,21.5995,5.427
09/08/10,27.9327,21.6496,6.283
09/07/10,27.9483,22.3163,5.632
09/03/10,26.6591,21.2092,5.45
09/02/10,29.1716,20.9436,8.228
09/01/10,28.2865,23.0426,5.244
08/31/10,30.4232,24.0214,6.402
08/30/10,30.0732,24.5471,5.526
08/27/10,28.9036,23.6194,5.285
08/26/10,32.1183,22.7624,9.356
08/25/10,29.8007,24.5984,5.203
08/24/10,30.0383,25.2076,4.83
08/23/10,31.8206,21.4819,10.339
08/20/10,29.6466,24.051,5.596
08/19/10,29.5915,23.9715,5.62
08/18/10,28.4888,22.7758,5.713
08/17/10,28.5565,23.1307,5.426
08/16/10,29.3565,23.9035,5.453
08/13/10,29.4804,24.1425,5.337
08/12/10,28.8668,23.6562,5.211
08/11/10,28.1863,23.1575,5.028
08/10/10,26.1508,21.1485,5.002
08/09/10,26.0231,20.4761,5.547
08/06/10,26.0757,21.2067,4.869
08/04/10,25.4597,20.7629,4.697
07/30/10,26.6394,21.8732,4.766
07/28/10,24.434,24.4286,0.005
07/27/10,23.7631,24.6141,-0.851
07/26/10,24.0921,24.7175,-0.626
07/23/10,26.8816,22.1868,4.695
07/16/10,29.9989,25.0442,4.955
07/15/10,28.4082,23.9297,4.478
07/14/10,28.3624,23.2218,5.14
07/13/10,28.4975,21.9917,6.506
07/12/10,28.2368,23.1038,5.133
07/09/10,27.9188,23.4182,4.501
07/08/10,29.9787,26.6863,3.293
07/07/10,28.5358,24.955,3.581
07/06/10,35.0363,30.3698,4.666
07/02/10,32.1159,27.336,4.78
06/30/10,31.8577,27.7717,4.086
06/29/10,31.5981,27.0657,4.532
06/28/10,28.6791,24.3254,4.354
06/25/10,28.3514,24.0023,4.349
06/24/10,29.1166,24.2553,4.862
06/23/10,27.0676,23.4394,3.629
06/22/10,27.0864,22.7037,4.382
06/18/10,27.0397,20.7073,6.333
06/17/10,27.3859,21.1237,6.262
06/16/10,27.8692,21.7156,6.153
06/15/10,27.7864,21.8295,5.956
06/11/10,29.6637,23.5445,6.119
06/10/10,30.4211,24.0643,6.357
06/08/10,31.5538,25.269,6.285
06/07/10,32.7988,26.2574,6.542
06/04/10,31.4817,25.4616,6.02
06/03/10,28.4797,23.1311,5.349
06/02/10,29.3261,23.2186,6.107
05/28/10,30.159,24.3464,5.813
05/27/10,29.0277,23.7684,5.26
05/26/10,32.1577,26.6891,5.469
05/25/10,33.3831,25.4385,7.944
05/24/10,33.4706,28.4342,5.037
05/21/10,34.2403,28.0359,6.204
05/20/10,35.788,30.7636,5.024
05/19/10,31.8221,25.0651,6.757
05/18/10,29.7592,25.4682,4.291
05/17/10,28.7991,22.9497,5.849
05/14/10,28.4916,23.2423,5.25
05/13/10,26.2016,21.6022,4.6
05/12/10,25.6912,21.0711,4.62
05/11/10,27.3854,22.517,4.868
05/10/10,27.6278,22.6424,4.986
05/07/10,32.8952,27.552,5.343
05/06/10,28.455,25.4829,2.972
05/05/10,26.4721,21.1025,5.369
05/04/10,24.5302,20.9301,3.6
05/03/10,22.6652,18.8899,3.775
04/30/10,23.5429,19.7052,3.838
04/29/10,21.5448,17.9001,3.645
04/28/10,22.685,18.5426,4.142
04/27/10,22.7324,19.1595,3.572
04/26/10,20.8949,17.4395,3.455
04/23/10,20.4912,17.2032,3.288
04/22/10,20.6159,17.0674,3.549
04/21/10,20.0497,17.5254,2.525
04/20/10,20.2562,16.5109,3.745
04/19/10,22.4918,14.9848,7.507
04/16/10,20.7827,17.4591,3.324
04/15/10,19.8435,16.7707,3.073
04/14/10,20.5077,15.372,5.136
04/13/10,20.2953,16.299,3.996
04/12/10,19.8166,16.507,3.31
04/09/10,19.8784,16.2013,3.677
04/08/10,20.206,16.2818,3.924
04/07/10,20.134,16.5947,3.539
04/06/10,19.5512,16.3846,3.166
04/05/10,20.1422,16.5331,3.609
04/01/10,20.7107,16.9469,3.764
03/31/10,20.3079,16.935,3.373
03/30/10,20.2747,17.1619,3.113
03/29/10,20.2565,17.4689,2.788
03/26/10,20.7376,17.2913,3.447
03/25/10,20.5006,18.0105,2.49
03/24/10,20.4536,17.5453,2.909
03/23/10,20.1975,16.9353,3.263
03/22/10,20.4145,15.9456,4.469
03/19/10,21.5634,16.4175,5.145
03/18/10,21.5925,16.0462,5.547
03/17/10,21.5442,16.1406,5.403
03/16/10,21.5641,16.6898,4.874
03/15/10,22.1521,16.8668,5.285
03/12/10,21.8312,16.8863,4.945
03/11/10,22.9427,16.0981,6.845
03/10/10,21.8244,16.6108,5.213
03/09/10,22.1375,15.8608,6.277
03/08/10,21.1423,16.6251,4.517
03/05/10,21.191,16.5229,4.668
03/04/10,22.5359,16.6687,5.867
03/03/10,23.0582,15.6919,7.366
03/02/10,22.7647,16.4183,6.347
03/01/10,22.2734,17.6463,4.627
02/26/10,22.2576,18.0739,4.184
02/25/10,23.571,17.4163,6.155
02/24/10,23.4979,17.0411,6.457
02/23/10,24.0831,28.5746,-4.492
02/22/10,23.4984,16.6978,6.8
02/19/10,22.5015,18.2778,4.224
02/18/10,22.3924,18.9732,3.419
02/17/10,24.3407,18.4815,5.859
02/16/10,24.6822,18.8512,5.831
02/12/10,24.9861,19.8282,5.158
02/11/10,25.5573,19.5064,6.051
02/10/10,58.0236,56.4121,1.612
02/09/10,56.967,55.2613,1.706
02/08/10,25.7921,21.5223,4.27
02/05/10,25.5761,21.4802,4.096
02/04/10,25.7807,20.8942,4.887
02/03/10,23.7088,18.3846,5.324
02/02/10,23.3578,18.6132,4.745
02/01/10,24.1092,18.8139,5.295
01/29/10,24.8839,20.3166,4.567
01/28/10,24.6019,19.9744,4.628
01/27/10,24.3786,19.4375,4.941
01/26/10,24.5993,20.036,4.563
01/25/10,24.2583,20.0786,4.179
01/22/10,24.9856,20.8575,4.128
01/21/10,22.5111,19.0999,3.411
01/20/10,22.0279,17.5983,4.43
01/19/10,21.041,17.5313,3.51
01/15/10,22.031,18.2326,3.798
01/14/10,21.4845,17.2654,4.22
01/13/10,21.4618,17.888,3.574
01/12/10,22.2796,18.4718,3.808
01/11/10,21.3508,18.5501,2.801
01/08/10,21.5792,18.2293,3.35
01/07/10,20.8776,19.9688,0.909
01/06/10,22.5872,18.8767,3.71
01/05/10,22.8664,19.4704,3.396
01/04/10,23.3464,19.7862,3.56
12/31/09,24.0301,20.785,3.245
12/30/09,23.351,19.9151,3.436
12/29/09,23.0082,20.1686,2.839
12/28/09,22.8278,20.3638,2.464
12/24/09,23.0722,19.8744,3.198
12/23/09,23.2754,20.1675,3.107
12/22/09,24.4259,19.2043,5.222
12/21/09,24.1753,20.6327,3.542
12/18/09,25.6025,20.6006,5.002
12/17/09,27.2916,19.4374,7.855
12/16/09,25.5655,20.4542,5.112
12/15/09,26.5434,20.7643,5.779
12/14/09,26.952,20.2579,6.694
12/11/09,26.3622,21.3533,5.009
12/10/09,26.5522,21.2366,5.315
12/09/09,27.6526,20.711,6.942
12/08/09,27.8971,21.4337,6.463
12/07/09,26.432,21.2307,5.201
12/04/09,26.2305,21.4475,4.783
12/03/09,26.6851,21.807,4.878
12/02/09,21.7479,26.1617,-4.414
12/01/09,21.7586,26.1171,-4.358
11/30/09,24.1818,24.8337,-0.652
11/27/09,27.2801,22.0981,5.182
11/25/09,25.5427,20.6404,4.903
11/24/09,25.2191,20.8041,4.415
11/23/09,26.6793,19.7037,6.975
11/20/09,25.9923,21.6677,4.324
11/19/09,26.2183,22.1333,4.085
11/18/09,25.811,21.5761,4.235
11/17/09,25.895,21.6868,4.208
11/16/09,25.8528,21.6033,4.25
11/13/09,26.2574,22.0801,4.177
11/12/09,26.3762,22.3568,4.019
11/11/09,25.5145,21.5795,3.935
11/10/09,25.5636,21.1299,4.434
11/09/09,25.1243,21.1307,3.993
11/06/09,26.1906,21.765,4.426
11/05/09,23.3197,26.2314,-2.911
11/04/09,27.5954,23.1922,4.403
11/03/09,28.2387,23.3254,4.914
11/02/09,26.408,25.2294,1.179
10/30/09,27.9362,23.5377,4.398
10/29/09,25.5448,21.6393,3.906
10/28/09,26.9265,22.925,4.002
10/27/09,25.557,21.5298,4.027
10/26/09,24.2289,22.887,1.342
10/23/09,24.6748,21.061,3.614
10/22/09,23.9078,20.4482,3.46
10/21/09,24.5412,21.2987,3.242
10/20/09,23.9738,20.9937,2.98
10/19/09,24.6373,20.3172,4.32
10/16/09,24.4578,21.1253,3.333
10/15/09,24.518,20.9981,3.52
10/14/09,24.6687,21.3906,3.278
10/13/09,26.1845,20.3869,5.798
10/12/09,24.9613,21.7133,3.248
10/09/09,24.9379,21.6029,3.335
10/08/09,25.5726,22.144,3.429
10/07/09,26.0928,21.9524,4.141
10/06/09,26.1092,22.4431,3.666
10/05/09,26.6366,23.0683,3.569
10/02/09,27.6037,24.0879,3.516
10/01/09,27.2073,24.0184,3.189
09/30/09,25.9663,22.8891,3.077
09/29/09,25.7154,22.5743,3.141
09/28/09,25.9427,22.5946,3.348
09/25/09,26.5096,23.2016,3.308
09/24/09,26.5979,23.5679,3.03
09/23/09,25.5381,22.9141,2.624
09/22/09,25.4106,22.4505,2.96
09/21/09,25.4871,21.0977,4.389
09/18/09,26.7401,21.9818,4.758
09/17/09,26.3228,21.5419,4.781
09/16/09,26.9506,20.4927,6.458
09/15/09,26.6073,21.7524,4.855
09/14/09,27.1048,21.4054,5.7
09/11/09,27.2135,22.071,5.143
09/10/09,27.2252,21.1072,6.118
09/09/09,28.2173,21.892,6.325
09/08/09,37.0012,38.7356,-1.735
09/04/09,28.6974,23.4232,5.274
09/03/09,36.1162,15.0439,21.072
09/02/09,43.1608,45.2066,-2.046
09/01/09,39.429,39.7564,-0.327
08/31/09,35.6636,35.4874,0.177
08/28/09,28.1547,23.4009,4.754
08/27/09,23.9473,28.7151,-4.768
08/26/09,26.8585,24.8918,1.967
08/25/09,28.0937,22.9977,5.096
08/24/09,27.2415,23.7331,3.509
08/21/09,27.4646,22.8198,4.645
08/20/09,26.1359,25.0791,1.057
08/19/09,24.7817,28.2291,-3.447
08/18/09,28.3545,23.9621,4.393
08/17/09,27.3285,26.9238,0.405
08/14/09,27.2325,22.7566,4.476
08/13/09,22.9394,28.6376,-5.699
08/12/09,24.2618,27.7501,-3.488
08/11/09,25.4993,27.1659,-1.667
08/10/09,23.5454,27.8251,-4.28
08/07/09,27.1636,22.9406,4.223
08/06/09,25.2118,26.9463,-1.734
08/05/09,26.6245,23.4638,3.161
08/04/09,24.0252,26.8798,-2.855
08/03/09,24.7506,26.8774,-2.126
07/31/09,27.987,23.8837,4.103
07/30/09,26.5779,25.7716,0.806
07/29/09,28.125,24.0927,4.032
07/28/09,28.3511,23.3746,4.976
07/27/09,27.2711,23.1513,4.12
07/24/09,26.8553,23.0299,3.825
07/23/09,26.6125,23.9533,2.66
07/22/09,25.1989,26.6758,-1.477
07/21/09,25.192,27.0556,-1.864
07/20/09,25.6495,27.1352,-1.485
07/17/09,28.6564,24.3522,4.304
07/16/09,26.8497,26.6182,0.232
07/15/09,27.9635,26.1439,1.82
07/14/09,30.9196,23.9999,6.92
07/13/09,27.8747,28.4928,-0.618
07/10/09,31.0897,26.9232,4.167
07/09/09,31.0739,26.724,4.35
07/08/09,30.9196,28.1701,2.75
07/07/09,29.9871,28.3088,1.678
07/06/09,28.5849,27.5366,1.048
07/02/09,29.486,26.1682,3.318
07/01/09,27.8676,25.0067,2.861
06/30/09,30.619,26.569,4.05
06/29/09,28.0631,24.1272,3.936
06/26/09,28.9949,25.1827,3.812
06/25/09,29.2074,25.1474,4.06
06/24/09,30.8717,26.5724,4.3
06/23/09,32.3004,25.8463,6.454
06/22/09,31.568,27.6448,3.923
06/19/09,31.2104,25.0123,6.198
06/18/09,32.4476,24.3195,8.128
06/17/09,37.6441,18.3002,19.344
06/16/09,37.4534,18.6774,18.776
06/15/09,32.1709,24.2665,7.904
06/12/09,30.043,23.9318,6.111
06/11/09,29.9525,25.258,4.695
06/10/09,33.3771,22.5225,10.854
06/09/09,29.5938,26.8105,2.783
06/08/09,29.794,28.1327,1.661
06/05/09,31.8858,25.7977,6.088
06/04/09,34.0158,23.1064,10.91
06/03/09,59.8684,52.128,7.74
06/02/09,33.0407,22.7514,10.29
06/01/09,30.9425,25.1499,5.793
05/29/09,31.1806,25.0921,6.089
05/28/09,34.9846,22.8434,12.142
05/27/09,32.4557,26.8022,5.654
05/26/09,34.064,23.017,11.047
05/22/09,32.6806,26.9741,5.707
05/21/09,32.5748,26.516,6.059
05/20/09,34.5675,21.6617,12.906
05/19/09,31.0055,25.9866,5.019
05/18/09,52.539,45.1738,7.365
05/15/09,33.0612,28.433,4.628
05/14/09,26.3529,36.4612,-10.108
05/13/09,35.2091,26.7332,8.476
05/12/09,34.7395,25.8268,8.913
05/11/09,32.9306,29.0571,3.874
05/08/09,32.4551,28.1366,4.318
05/07/09,34.1945,29.2023,4.993
05/06/09,33.5647,28.8244,4.741
05/05/09,32.8652,31.5006,1.364
05/04/09,46.0856,41.6801,4.406
05/01/09,35.3894,31.2108,4.178
04/30/09,30.7687,39.2079,-8.439
04/29/09,36.9565,30.1561,6.801
04/28/09,38.6321,30.7255,7.906
04/27/09,38.1331,31.6301,6.503
04/24/09,36.5884,32.5459,4.042
04/23/09,38.2108,30.4897,7.721
04/22/09,39.0984,30.655,8.443
04/21/09,37.6759,31.4181,6.258
04/20/09,39.6341,31.4632,8.171
04/17/09,35.6989,31.9583,3.741
04/16/09,36.4653,33.5046,2.96
04/15/09,38.6773,32.5135,6.163
04/14/09,37.6086,35.2524,2.357
04/13/09,38.0301,34.376,3.654
04/09/09,38.0641,34.5258,3.538
04/08/09,40.0805,33.9652,6.116
04/07/09,41.2437,34.572,6.672
04/06/09,40.1626,35.831,4.332
04/03/09,39.6929,35.6068,4.086
04/02/09,40.3129,36.1466,4.166
04/01/09,40.1867,35.8844,4.303
03/31/09,40.3897,38.7837,1.606
03/30/09,42.292,36.7808,5.511
03/27/09,39.5005,35.502,3.999
03/26/09,38.5646,34.0485,4.516
03/25/09,39.8215,34.2401,5.582
03/24/09,39.3072,35.787,3.52
03/23/09,39.5642,34.976,4.588
03/20/09,43.3039,37.1548,6.149
03/19/09,42.9361,32.6943,10.242
03/18/09,39.289,32.8826,6.406
03/17/09,38.9293,33.3255,5.603
03/16/09,44.4889,28.4837,16.005
03/13/09,39.7965,34.3392,5.458
03/12/09,84.8186,84.8186,0
03/11/09,43.8215,29.095,14.727
03/10/09,40.7118,32.9899,7.722
03/09/09,43.1122,37.0883,6.024
03/06/09,43.0771,36.5593,6.518
03/05/09,43.7808,37.0683,6.713
03/04/09,56.586,57.5035,-0.918
03/03/09,43.6907,40.5371,3.154
03/02/09,55.5656,23.6566,31.909
02/27/09,42.5829,36.1889,6.394
02/26/09,43.2192,34.7382,8.481
02/25/09,43.5703,34.2475,9.322
02/24/09,42.4033,35.2566,7.146
02/23/09,45.5143,38.5015,7.012
02/20/09,42.9447,36.6247,6.32
02/19/09,42.3401,35.7202,6.62
02/18/09,42.5304,35.8626,6.667
02/17/09,39.1287,40.8163,-1.687
02/13/09,40.0148,33.9196,6.095
02/12/09,33.4787,43.4921,-10.013
02/11/09,34.2921,43.0804,-8.788
02/10/09,36.5169,43.7774,-7.26
02/09/09,52.5433,47.3398,5.203
02/06/09,38.8155,33.0525,5.763
02/05/09,33.2391,42.8739,-9.635
02/04/09,34.5634,41.7304,-7.167
02/03/09,34.9744,41.3622,-6.388
02/02/09,36.8354,41.1092,-4.274
01/30/09,41.1967,35.7592,5.438
01/29/09,49.1665,43.2509,5.916
01/28/09,50.1936,45.0838,5.11
01/27/09,42.577,34.7624,7.815
01/26/09,43.3026,36.9766,6.326
01/23/09,43.7534,38.5154,5.238
01/22/09,44.5267,38.5429,5.984
01/21/09,44.7659,37.671,7.095
01/20/09,48.4541,42.5787,5.875
01/16/09,43.7375,38.1417,5.596
01/15/09,45.0263,38.6495,6.376
01/14/09,43.5974,40.0661,3.531
01/13/09,41.5551,36.9321,4.623
01/12/09,42.8931,36.9695,5.923
01/09/09,39.9312,35.6505,4.28
01/08/09,39.5622,34.8091,4.753
01/07/09,41.6554,31.306,10.349
01/06/09,37.1401,33.2875,3.852
01/05/09,37.5923,33.1474,4.445
01/02/09,36.7545,33.9032,2.852
12/31/08,39.2634,36.0643,3.199
12/30/08,40.8936,36.3522,4.542
12/29/08,42.3528,37.4646,4.888
12/26/08,36.8853,36.8853,0
12/24/08,37.6651,37.6651,0
12/23/08,39.1666,39.1666,0
12/22/08,38.207,38.207,0
12/19/08,40.9605,40.9263,0.035
12/18/08,44.6146,41.3386,3.276
12/17/08,46.7986,44.2664,2.533
12/16/08,48.3649,44.4952,3.87
12/15/08,51.5186,48.4244,3.095
12/12/08,45.2591,43.5829,1.676
12/11/08,44.0191,44.0191,0
12/10/08,51.17,50.4841,0.686
12/09/08,47.431,45.8294,1.602
12/08/08,48.8135,46.7295,2.084
12/05/08,53.4923,50.7547,2.737
12/04/08,53.138,51.8657,1.272
12/03/08,52.468,49.6415,2.826
12/02/08,54.3918,54.3918,0
12/01/08,50.4987,49.2608,1.238
11/28/08,47.529,41.7322,5.797
11/26/08,47.9856,45.8271,2.159
11/25/08,47.326,47.326,0
11/24/08,49.9295,47.4008,2.529
11/21/08,53.5957,50.7978,2.798
11/20/08,57.1989,55.5055,1.693
11/19/08,50.6937,50.4342,0.26
11/18/08,50.5221,45.9663,4.556
11/17/08,47.0678,46.6026,0.465
11/14/08,47.6662,45.9763,1.69
11/13/08,50.0103,48.6861,1.324
11/12/08,51.8237,43.7459,8.078
11/11/08,46.2765,42.9057,3.371
11/10/08,42.5976,42.5976,0
11/07/08,43.8962,43.6215,0.274
11/06/08,42.5679,41.8146,0.753
11/05/08,38.2742,37.5281,0.746
11/04/08,39.522,39.9642,-0.442
11/03/08,44.7537,40.5858,4.168
10/31/08,43.0506,43.0506,0
10/30/08,45.6465,40.2357,5.411
10/29/08,48.7673,44.0356,4.731
10/28/08,42.8094,47.2357,-4.427
10/27/08,51.394,46.2193,5.175
10/24/08,50.6311,45.4221,5.209
10/23/08,45.6845,38.3459,7.339
10/22/08,45.1435,41.2992,3.845
10/21/08,32.509,31.736,0.773
10/20/08,36.8156,38.3216,-1.506
10/17/08,41.8224,41.2395,0.582
10/16/08,41.28,41.0706,0.209
10/15/08,42.8481,41.3623,1.486
10/14/08,37.9088,34.3128,3.596
10/13/08,37.6414,31.4941,6.147
10/10/08,40.645,46.4326,-5.788
10/09/08,36.3818,35.1716,1.21
10/08/08,38.6566,36.5009,2.156
10/07/08,34.0832,33.4491,0.634
10/06/08,34.4239,33.6441,0.78
10/03/08,32.3982,30.5509,1.847
10/02/08,32.6948,29.9104,2.785
10/01/08,29.3291,28.485,0.844
09/30/08,28.56,28.56,0
09/29/08,31.0107,31.2872,-0.276
09/26/08,27.2081,26.0256,1.182
09/25/08,26.9302,25.0291,1.901
09/24/08,28.2251,27.6698,0.555
09/23/08,26.8425,26.6046,0.238
09/22/08,25.5462,24.2556,1.29
09/19/08,25.2422,25.2214,0.021
09/18/08,25.8327,25.1164,0.717
09/17/08,26.4728,25.3164,1.157
09/16/08,24.3573,23.6756,0.681
09/15/08,25.3089,23.501,1.808
09/12/08,23.1816,23.0884,0.094
09/11/08,24.3694,20.4749,3.894
09/10/08,22.5937,21.2971,1.297
09/09/08,23.1476,22.0876,1.06
09/08/08,21.1924,20.8178,0.374
09/05/08,22.6995,22.2565,0.443
09/04/08,24.2324,21.9938,2.238
09/03/08,22.7349,21.1063,1.629
09/02/08,20.8101,20.5087,0.301
08/29/08,21.6157,20.8858,0.73
08/28/08,21.2447,20.4814,0.764
08/27/08,21.4383,19.5582,1.88
08/26/08,22.6896,19.9692,2.721
08/25/08,20.7645,20.5124,0.253
08/22/08,20.5077,20.014,0.494
08/21/08,21.3329,20.6175,0.715
08/20/08,22.024,20.0284,1.996
08/19/08,21.6401,19.9551,1.685
08/18/08,21.5698,20.5959,0.974
08/15/08,21.5089,19.3458,2.163
08/14/08,21.2728,19.7622,1.511
08/13/08,23.1707,22.3778,0.793
08/12/08,23.1016,20.2378,2.864
08/11/08,21.5147,19.8216,1.693
08/08/08,22.1279,20.1623,1.966
08/07/08,22.2046,20.3402,1.865
08/06/08,20.6614,19.5637,1.097
08/05/08,21.8086,20.0531,1.756
08/04/08,21.0359,21.0359,0
08/01/08,21.5895,20.7993,0.791
07/31/08,21.3924,20.8003,0.592
07/30/08,21.4494,19.3663,2.083
07/29/08,21.2085,20.5369,0.672
07/28/08,22.6948,21.9894,0.706
07/25/08,21.9813,21.5294,0.452
07/24/08,22.6507,22.1848,0.466
07/23/08,21.2578,20.2856,0.972
07/22/08,21.3147,20.5675,0.747
07/21/08,22.2223,20.7863,1.436
07/18/08,22.9051,21.3161,1.589
07/17/08,23.3168,21.6357,1.681
07/16/08,23.1628,22.0092,1.154
07/15/08,25.1903,24.2917,0.898
07/14/08,23.956,23.2287,0.727
07/11/08,24.7371,23.3744,1.363
07/10/08,23.9811,21.9709,2.01
07/09/08,24.7167,22.0104,2.707
07/08/08,21.7849,20.5206,1.264
07/07/08,23.4742,22.2367,1.237
07/03/08,21.7995,21.7995,0
07/02/08,22.4364,22.1949,0.241
07/01/08,23.4788,21.0174,2.462
06/30/08,22.8529,21.0253,1.828
06/27/08,22.71,22.1922,0.518
06/26/08,22.5336,21.6243,0.91
06/25/08,21.9221,20.0443,1.878
06/24/08,21.7866,20.8593,0.928
06/23/08,23.063,20.1426,2.92
06/20/08,21.9723,20.3305,1.641
06/19/08,21.4223,19.9064,1.516
06/18/08,21.7179,20.4171,1.301
06/17/08,20.0098,19.8888,0.121
06/16/08,21.1707,20.2322,0.939
06/13/08,21.2369,19.1625,2.074
06/12/08,22.2652,21.5107,0.754
06/11/08,22.4998,21.1696,1.33
06/10/08,22.7361,21.1878,1.548
06/09/08,22.6805,20.2005,2.48
06/06/08,24.2336,20.9515,3.282
06/05/08,20.0709,19.7056,0.365
06/04/08,21.9447,20.249,1.696
06/03/08,21.0543,19.5425,1.511
06/02/08,20.927,19.3677,1.559
05/30/08,20.2474,17.5418,2.705
05/29/08,19.8766,19.2992,0.578
05/28/08,21.668,18.7848,2.883
05/27/08,20.7323,20.4195,0.312
05/23/08,22.0164,19.7708,2.245
05/22/08,21.7249,18.9982,2.727
05/21/08,20.6245,19.0985,1.526
05/20/08,20.1293,18.6887,1.44
05/19/08,20.5227,17.4294,3.094
05/16/08,18.9783,17.4119,1.566
05/15/08,18.7272,16.8265,1.9
05/14/08,18.986,17.913,1.073
05/13/08,19.4228,17.806,1.617
05/12/08,18.999,17.8971,1.102
05/09/08,21.2031,18.5971,2.606
05/08/08,20.0189,19.0953,0.924
05/07/08,21.3991,18.814,2.585
05/06/08,18.5317,17.7813,0.751
05/05/08,19.6933,18.1332,1.56
05/02/08,18.655,17.5045,1.15
05/01/08,19.0736,18.4763,0.598
04/30/08,19.7942,19.0914,0.703
04/29/08,19.8732,19.8732,0
04/28/08,19.522,18.5171,1.005
04/25/08,20.0257,20.0257,0
04/24/08,21.205,20.5263,0.679
04/23/08,20.1928,18.6823,1.511
04/22/08,21.3001,19.6682,1.632
04/21/08,20.7632,19.3603,1.403
04/18/08,21.1994,19.8392,1.36
04/17/08,21.5018,18.4438,3.058
04/16/08,21.6679,19.3012,2.367
04/15/08,23.0346,21.8843,1.151
04/14/08,21.591,21.591,0
04/11/08,22.4141,22.4141,0
04/10/08,22.3629,19.7832,2.58
04/09/08,21.9764,21.9287,0.047
04/08/08,21.48,21.4573,0.023
04/07/08,22.1073,21.9612,0.146
04/04/08,22.2309,22.2309,0
04/03/08,23.635,21.6331,2.002
04/02/08,22.8234,21.7031,1.12
04/01/08,23.4412,22.1367,1.304
03/31/08,24.9254,24.9254,0
03/28/08,25.4025,25.4025,0
03/27/08,24.7561,23.9454,0.811
03/26/08,25.1994,23.6134,1.586
03/25/08,24.1502,22.8553,1.295
03/24/08,23.774,22.0136,1.76
03/20/08,24.8508,23.731,1.12
03/19/08,25.0366,24.4112,0.626
03/18/08,23.1547,21.8406,1.314
03/17/08,27.5165,24.8205,2.696
03/14/08,27.7994,25.0712,2.728
03/13/08,24.8283,24.5849,0.243
03/12/08,24.5817,23.1747,1.407
03/11/08,23.93,23.4565,0.473
03/10/08,27.8876,25.1395,2.748
03/07/08,24.9675,23.0797,1.888
03/06/08,21.5181,20.2451,1.273
03/05/08,24.8458,21.9004,2.946
03/04/08,26.1453,22.7485,3.396
03/03/08,25.9435,22.8984,3.046
02/29/08,26.0699,22.8637,3.206
02/28/08,23.3567,21.4113,1.946
02/27/08,22.1535,20.3335,1.82
02/26/08,21.6974,20.3157,1.381
02/25/08,22.1485,21.249,0.9
02/22/08,23.5203,21.2763,2.244
02/21/08,22.5344,22.5344,0
02/20/08,23.4314,21.7269,1.704
02/19/08,22.0565,22.0565,0
02/15/08,22.9447,22.132,0.813
02/14/08,24.0593,23.1538,0.905
02/13/08,22.9652,22.0205,0.944
02/12/08,24.6809,22.5217,2.159
02/11/08,25.8175,23.6787,2.139
02/08/08,25.6502,23.923,1.727
02/07/08,25.5993,23.3596,2.239
02/06/08,23.7822,23.7822,0
02/05/08,25.0608,23.8558,1.205
02/04/08,22.7381,22.7381,0
02/01/08,23.6016,20.8259,2.776
01/31/08,23.8927,21.3649,2.528
01/30/08,23.6829,22.9454,0.738
01/29/08,23.6828,22.7431,0.94
01/28/08,22.7884,22.7884,0
01/25/08,26.472,23.8644,2.608
01/24/08,22.5956,22.5956,0
01/23/08,24.8717,23.2431,1.629
01/22/08,26.3732,24.1498,2.223
01/18/08,24.5944,23.7957,0.798
01/17/08,24.8975,23.7884,1.11
01/16/08,23.7326,22.7321,1.001
01/15/08,24.7236,22.7672,1.957
01/14/08,22.3507,22.3507,
01/11/08,23.8075,22.4812,
01/10/08,23.4494,21.9542,
01/09/08,23.5292,22.5487,
01/08/08,25.4813,22.5239,
01/07/08,22.6215,22.4076,
01/04/08,24.1192,21.7135,
01/03/08,21.9891,21.4933,
01/02/08,23.0999,22.1761,
12/31/07,22.6287,20.4787,