Date,ES_PX_LAST,ES_DAILY_RETURN,ES_PX_VOLUME
12/29/17,2676,-0.003630271,1055982
12/28/17,2685.75,9.31E-05,519713
12/27/17,2685.5,-0.000558243,627745
12/26/17,2687,0.000372301,360430
12/22/17,2686,-0.000651102,591050
12/21/17,2687.75,0.002330785,813005
12/20/17,2681.5,-0.000931446,934245
12/19/17,2684,-0.003896827,965199
12/18/17,2694.5,0.010405925,1006782
12/15/17,2666.75,0.0050881,34566
12/14/17,2653.25,-0.004969061,445627
12/13/17,2666.5,0.000562852,722330
12/12/17,2665,0.001315048,1021573
12/11/17,2661.5,0.00396077,1217692
12/8/17,2651,0.004356886,1132215
12/7/17,2639.5,0.00389845,1290996
12/6/17,2629.25,0.000380481,1239225
12/5/17,2628.25,-0.003790391,1349781
12/4/17,2638.25,-0.002174735,1730084
12/1/17,2644,-0.001510574,2484052
11/30/17,2648,0.008761905,2303448
11/29/17,2625,-0.000380807,1642816
11/28/17,2626,0.00932065,1539152
11/27/17,2601.75,0.000288351,931107
11/24/17,2601,0.0025053,536543
11/22/17,2594.5,-0.000674049,747869
11/21/17,2596.25,0.005518978,1130421
11/20/17,2582,0.002231926,988166
11/17/17,2576.25,-0.003384913,1169730
11/16/17,2585,0.007797271,1512201
11/15/17,2565,-0.005042669,1900941
11/14/17,2578,-0.001549187,1573219
11/13/17,2582,0.00096918,1044536
11/10/17,2579.5,-0.001741486,1178663
11/9/17,2584,-0.00270166,2203891
11/8/17,2591,0.001642988,1037057
11/7/17,2586.75,-0.000772574,1152813
11/6/17,2588.75,0.002323105,828740
11/3/17,2582.75,0.002328515,974513
11/2/17,2576.75,0.000776774,1262640
11/1/17,2574.75,0.000777378,1269785
10/31/17,2572.75,0.001752166,1021252
10/30/17,2568.25,-0.003975179,1190925
10/27/17,2578.5,0.006636736,1543852
10/26/17,2561.5,0.001172562,1361504
10/25/17,2558.5,-0.003408316,2088185
10/24/17,2567.25,0.001462844,1035758
10/23/17,2563.5,-0.004079254,1217936
10/20/17,2574,0.005272408,1236659
10/19/17,2560.5,0.000195313,1346925
10/18/17,2560,0.00117325,738261
10/17/17,2557,0.000293399,728656
10/16/17,2556.25,0.00137107,780973
10/13/17,2552.75,0.00127476,905072
10/12/17,2549.5,-0.001370936,924519
10/11/17,2553,0.001765745,804892
10/10/17,2548.5,0.001867322,1141304
10/9/17,2543.75,-0.000491159,719501
10/6/17,2545,-0.001960784,1138029
10/5/17,2550,0.00542139,1086185
10/4/17,2536.25,0.001381897,943600
10/3/17,2532.75,0.002572984,836809
10/2/17,2526.25,0.004073927,1113226
9/29/17,2516,0.003289802,1325100
9/28/17,2507.75,0.001297664,1097115
9/27/17,2504.5,0.003606492,1562400
9/26/17,2495.5,-0.000600721,1136782
9/25/17,2497,-0.0010002,1527029
9/22/17,2499.5,-0.00059976,1008511
9/21/17,2501,-0.001696437,1110754
9/20/17,2505.25,0.000199621,1214848
9/19/17,2504.75,0.000799121,952378
9/18/17,2502.75,0.002704327,1076633
9/15/17,2496,-0.00020028,54760
9/14/17,2496.5,0,402602
9/13/17,2496.5,0.000200321,602757
9/12/17,2496,0.003417085,1028939
9/11/17,2487.5,0.010152284,1305963
9/8/17,2462.5,-0.001621731,1212116
9/7/17,2466.5,0.000405597,1514891
9/6/17,2465.5,0.002337636,1553109
9/5/17,2459.75,-0.005860362,2102839
9/1/17,2474.25,0.001720648,1025982
8/31/17,2470,0.005802708,1701193
8/30/17,2455.75,0.003575807,1280219
8/29/17,2447,0.001329923,1606329
8/28/17,2443.75,0.000511771,925259
8/25/17,2442.5,0.000716993,1181314
8/24/17,2440.75,-0.000307188,1389728
8/23/17,2441.5,-0.004586688,1230848
8/22/17,2452.75,0.010193575,1357110
8/21/17,2428,0.000515092,1320240
8/18/17,2426.75,-0.00113192,2181421
8/17/17,2429.5,-0.015400203,2218607
8/16/17,2467.5,0.00152207,1128960
8/15/17,2463.75,0.000101482,1050857
8/14/17,2463.5,0.009631148,1460697
8/11/17,2440,0.001025641,1645294
8/10/17,2437.5,-0.014355034,2307321
8/9/17,2473,0.000101102,1546074
8/8/17,2472.75,-0.001917255,1360425
8/7/17,2477.5,0.002224919,586256
8/4/17,2472,0.000101143,1056850
8/3/17,2471.75,-0.000707499,1079166
8/2/17,2473.5,0.000505612,1292615
8/1/17,2472.25,0.001722042,1036810
7/31/17,2468,-0.000910839,1184133
7/28/17,2470.25,-0.000707929,1138605
7/27/17,2472,-0.000505408,1642155
7/26/17,2473.25,-0.000303153,950620
7/25/17,2474,0.002228074,1067744
7/24/17,2468.5,-0.00040494,847057
7/21/17,2469.5,-0.000708144,1080206
7/20/17,2471.25,-0.000101153,1095397
7/19/17,2471.5,0.005594548,941160
7/18/17,2457.75,-0.000305064,1072350
7/17/17,2458.5,0.001017915,846768
7/14/17,2456,0.0042936,1076239
7/13/17,2445.5,0.002254098,934983
7/12/17,2440,0.006393071,1129422
7/11/17,2424.5,0,1127920
7/10/17,2424.5,0.000825593,849888
7/7/17,2422.5,0.005812747,1249140
7/6/17,2408.5,-0.008031301,1590195
7/5/17,2428,0.001237113,1276362
7/3/17,2425,0.00165221,750433
6/30/17,2421,0.000413223,1614299
6/29/17,2420,-0.007586631,2329022
6/28/17,2438.5,0.00743648,1545009
6/27/17,2420.5,-0.00636289,1625794
6/26/17,2436,0.000410678,1257593
6/23/17,2435,0.001336486,1187845
6/22/17,2431.75,-0.000719129,1048845
6/21/17,2433.5,-0.001641026,1362536
6/20/17,2437.5,-0.004085802,1322839
6/19/17,2447.5,0.005178879,1213287
6/16/17,2434.89,0.000262915,47304
6/15/17,2434.25,-0.001230895,470125
6/14/17,2437.25,-0.001127049,680887
6/13/17,2440,0.004735433,1027097
6/12/17,2428.5,-0.000822876,1248108
6/9/17,2430.5,-0.000822199,1580087
6/8/17,2432.5,0.000205592,1440605
6/7/17,2432,0.000514245,1405067
6/6/17,2430.75,-0.001540357,1344999
6/5/17,2434.5,-0.001333197,876858
6/2/17,2437.75,0.00339576,1712391
6/1/17,2429.5,0.007673165,1426040
5/31/17,2411,0.000103702,1712282
5/30/17,2410.75,-0.001242879,1030338
5/26/17,2413.75,0.000103584,859823
5/25/17,2413.5,0.004787677,1309737
5/24/17,2402,0.001668057,975714
5/23/17,2398,0.002194128,1021864
5/22/17,2392.75,0.004723913,1108280
5/19/17,2381.5,0.007615824,1654206
5/18/17,2363.5,0.002545069,2446565
5/17/17,2357.5,-0.016478932,2784613
5/16/17,2397,-0.000625391,1068724
5/15/17,2398.5,0.004081633,1025998
5/12/17,2388.75,-0.000941029,1069025
5/11/17,2391,-0.001774345,1349506
5/10/17,2395.25,0.000835684,992071
5/9/17,2393.25,-0.000730689,1100123
5/8/17,2395,-0.001146909,948984
5/5/17,2397.75,0.005135192,1117083
5/4/17,2385.5,0.000944089,1216759
5/3/17,2383.25,-0.001047889,1069079
5/2/17,2385.75,-0.00052367,949709
5/1/17,2387,0.002730519,897581
4/28/17,2380.5,-0.002305113,1145074
4/27/17,2386,0.001574142,1100596
4/26/17,2382.25,-0.00115304,1480057
4/25/17,2385,0.006329114,1313467
4/24/17,2370,0.009584665,1532426
4/21/17,2347.5,-0.001913265,1257878
4/20/17,2352,0.007820032,1445311
4/19/17,2333.75,-0.001497486,1237406
4/18/17,2337.25,-0.003304904,1424462
4/17/17,2345,0.007518797,970895
4/13/17,2327.5,-0.005660579,1574295
4/12/17,2340.75,-0.004359847,1521451
4/11/17,2351,-0.00063762,1844449
4/10/17,2352.5,0.000106281,1345921
4/7/17,2352.25,-0.000637281,1459651
4/6/17,2353.75,0.003089708,1576103
4/5/17,2346.5,-0.004243582,1925443
4/4/17,2356.5,0.000212224,1203495
4/3/17,2356,-0.001377556,1696546
3/31/17,2359.25,-0.002220343,1537333
3/30/17,2364.5,0.003182011,1158742
3/29/17,2357,0.002338933,1146485
3/28/17,2351.5,0.005559119,1609213
3/27/17,2338.5,-0.002665529,1599064
3/24/17,2344.75,0.002029915,1586782
3/23/17,2340,-0.001067236,1623363
3/22/17,2342.5,0.000106735,1867679
3/21/17,2342.25,-0.0118131,2561718
3/20/17,2370.25,-0.00651773,1068659
3/17/17,2385.8,0.001280034,42536
3/16/17,2382.75,-0.000419507,373164
3/15/17,2383.75,0.007289246,603215
3/14/17,2366.5,-0.003578947,940754
3/13/17,2375,0.001370296,1037046
3/10/17,2371.75,0.002324353,1342959
3/9/17,2366.25,0.000951777,1770104
3/8/17,2364,-0.001056412,1624271
3/7/17,2366.5,-0.003788676,1287556
3/6/17,2375.5,-0.002414698,1359673
3/3/17,2381.25,-0.000314861,1336318
3/2/17,2382,-0.004804679,1730192
3/1/17,2393.5,0.013014496,2128134
2/28/17,2362.75,-0.00232239,1568227
2/27/17,2368.25,0.001374207,1147391
2/24/17,2365,0.00095228,1534649
2/23/17,2362.75,0.000741211,1552446
2/22/17,2361,0.000423729,1285982
2/21/17,2360,0.005110733,1621224
2/17/17,2348,0.001065871,1376784
2/16/17,2345.5,-0.002127207,1728823
2/15/17,2350.5,0.005776637,1512296
2/14/17,2337,0.004621171,1381949
2/13/17,2326.25,0.005837207,1199878
2/10/17,2312.75,0.003688836,1165082
2/9/17,2304.25,0.00611287,1347083
2/8/17,2290.25,0.000764693,1277856
2/7/17,2288.5,0.000874699,1191892
2/6/17,2286.5,-0.001964208,1157602
2/3/17,2291,0.00681169,1405520
2/2/17,2275.5,0.000439657,1409287
2/1/17,2274.5,0,1552967
1/31/17,2274.5,-0.000659051,1614719
1/30/17,2276,-0.005679336,1839106
1/27/17,2289,-0.002179599,935648
1/26/17,2294,0,1158788
1/25/17,2294,0.008573313,1373506
1/24/17,2274.5,0.005526083,1259276
1/23/17,2262,-0.001765225,1425498
1/20/17,2266,0.00198983,1709890
1/19/17,2261.5,-0.002206045,1380107
1/18/17,2266.5,0.001657275,1105488
1/17/17,2262.75,-0.004290429,1532405
1/13/17,2272.5,0.003976143,1183362
1/12/17,2263.5,-0.003083021,1747172
1/11/17,2270.5,0.002981778,1728267
1/10/17,2263.75,-0.000551876,1300368
1/9/17,2265,-0.002861545,1019957
1/6/17,2271.5,0.003201943,1542214
1/5/17,2264.25,0,1312627
1/4/17,2264.25,0.005216426,1385650
1/3/17,2252.5,0.007266629,1787898
12/30/16,2236.25,-0.00389755,1252004
12/29/16,2245,-0.000111346,883279
12/28/16,2245.25,-0.006965944,976944
12/27/16,2261,0.000442478,490809
12/23/16,2260,0.000553403,391513
12/22/16,2258.75,-0.000774165,832335
12/21/16,2260.5,-0.002647253,649932
12/20/16,2266.5,0.002876106,806369
12/19/16,2260,-0.003804058,920943
12/16/16,2268.63,0.002266402,49846
12/15/16,2263.5,0.002879929,461219
12/14/16,2257,-0.007148356,762001
12/13/16,2273.25,0.007646277,1050261
12/12/16,2256,-0.001769912,1011851
12/9/16,2260,0.005449894,1074015
12/8/16,2247.75,0.00491785,2103332
12/7/16,2236.75,0.012104072,2316709
12/6/16,2210,0.002608597,1475806
12/5/16,2204.25,0.005588504,1654461
12/2/16,2192,0,1666803
12/1/16,2192,-0.003069926,2145896
11/30/16,2198.75,-0.00226886,1931936
11/29/16,2203.75,0.001363172,1369657
11/28/16,2200.75,-0.004748445,1362563
11/25/16,2211.25,0.004771101,549990
11/23/16,2200.75,0.000227247,1091330
11/22/16,2200.25,0.003305974,1248668
11/21/16,2193,0.005617333,1198721
11/18/16,2180.75,-0.001602381,1268896
11/17/16,2184.25,0.005292832,1343037
11/16/16,2172.75,-0.002982678,1321970
11/15/16,2179.25,0.008678547,1425105
11/14/16,2160.5,-0.000462642,1782604
11/11/16,2161.5,-0.002653132,1876388
11/10/16,2167.25,0.003240366,3121001
11/9/16,2160.25,0.011589792,5251690
11/8/16,2135.5,0.003053077,1746007
11/7/16,2129,0.023557692,1753667
11/4/16,2080,-0.001679866,2053530
11/3/16,2083.5,-0.004182101,1790385
11/2/16,2092.25,-0.005466429,2005691
11/1/16,2103.75,-0.007665094,2248261
10/31/16,2120,-0.001765745,1356597
10/28/16,2123.75,0.00011773,2378169
10/27/16,2123.5,-0.004920337,1792363
10/26/16,2134,-0.001870907,1537900
10/25/16,2138,-0.002914772,1191225
10/24/16,2144.25,0.00445017,1004191
10/21/16,2134.75,-0.001052878,1404835
10/20/16,2137,-0.000467727,1602595
10/19/16,2138,0.002814259,930618
10/18/16,2132,0.004239284,1129535
10/17/16,2123,-0.001880583,1246192
10/14/16,2127,0.000352734,1834488
10/13/16,2126.25,-0.002463054,2175906
10/12/16,2131.5,-0.001405481,1465871
10/11/16,2134.5,-0.011347846,2231047
10/10/16,2159,0.005823433,948489
10/7/16,2146.5,-0.004637144,1952389
10/6/16,2156.5,0.001509346,1204885
10/5/16,2153.25,0.003963166,1364517
10/4/16,2144.75,-0.003947521,2136480
10/3/16,2153.25,-0.003355705,1396518
9/30/16,2160.5,0.005585292,1970339
9/29/16,2148.5,-0.006818444,2301830
9/28/16,2163.25,0.004877482,1727031
9/27/16,2152.75,0.006075476,1646591
9/26/16,2139.75,-0.008456905,1589775
9/23/16,2158,-0.004727315,1437077
9/22/16,2168.25,0.005565217,1520099
9/21/16,2156.25,0.011848897,1820963
9/20/16,2131,-0.000937647,1384209
9/19/16,2133,-0.003252397,1521664
9/16/16,2139.96,-0.00234965,57778
9/15/16,2145,0.011673152,396046
9/14/16,2120.25,-0.003992954,660376
9/13/16,2128.75,-0.013782719,1197641
9/12/16,2158.5,0.016841361,1444391
9/9/16,2122.75,-0.025143513,2069594
9/8/16,2177.5,-0.003204395,2081302
9/7/16,2184.5,0,1456179
9/6/16,2184.5,0.002984389,1618652
9/2/16,2178,0.004960203,1689404
9/1/16,2167.25,-0.001037105,1940121
8/31/16,2169.5,-0.002643374,1840324
8/30/16,2175.25,-0.001835494,1370618
8/29/16,2179.25,0.004957344,1237476
8/26/16,2168.5,-0.002300437,2520471
8/25/16,2173.5,-0.000689655,1498109
8/24/16,2175,-0.004690539,1498544
8/23/16,2185.25,0.001719001,1122043
8/22/16,2181.5,-0.000114587,1541071
8/19/16,2181.75,-0.000801466,1425490
8/18/16,2183.5,0.001720381,1195395
8/17/16,2179.75,0.001378201,1691822
8/16/16,2176.75,-0.004231473,1388816
8/15/16,2186,0.002637312,1080696
8/12/16,2180.25,-0.000687521,1264278
8/11/16,2181.75,0.004142216,1319494
8/10/16,2172.75,-0.002181401,1368393
8/9/16,2177.5,0.000919329,1189624
8/8/16,2175.5,-0.000574251,938624
8/5/16,2176.75,0.008104666,1363948
8/4/16,2159.25,0.001043115,1236750
8/3/16,2157,0.001974219,1360657
8/2/16,2152.75,-0.005428505,1956705
8/1/16,2164.5,-0.001729505,1652633
7/29/16,2168.25,0.001616815,1694118
7/28/16,2164.75,0.001967137,1616439
7/27/16,2160.5,-0.001271235,1630338
7/26/16,2163.25,0.000462481,1604347
7/25/16,2162.25,-0.002422145,1255515
7/22/16,2167.5,0.004402224,1122014
7/21/16,2158,-0.00438293,1296350
7/20/16,2167.5,0.004053272,1127419
7/19/16,2158.75,-0.000578704,1147388
7/18/16,2160,0.003367785,1191446
7/15/16,2152.75,-0.002085989,1490858
7/14/16,2157.25,0.005242311,1771801
7/13/16,2146,0.000116509,1609928
7/12/16,2145.75,0.007276141,1691878
7/11/16,2130.25,0.004597972,1459630
7/8/16,2120.5,0.013623327,1935584
7/7/16,2092,-0.00095511,1659861
7/6/16,2094,0.005401512,2047526
7/5/16,2082.75,-0.006440072,1858691
7/1/16,2096.25,0.00287047,1648070
6/30/16,2090.25,0.011370509,2282547
6/29/16,2066.75,0.018856298,2052803
6/28/16,2028.5,0.021914358,2272790
6/27/16,1985,-0.016596483,2972761
6/24/16,2018.5,-0.041434168,4135082
6/23/16,2105.75,0.013964127,1308321
6/22/16,2076.75,-0.001802451,1402829
6/21/16,2080.5,0.003013137,1394626
6/20/16,2074.25,-0.002342337,1592550
6/17/16,2079.12,-6.25E-05,52547
6/16/16,2079.25,0.003620128,423774
6/15/16,2071.75,-0.001325621,607373
6/14/16,2074.5,-0.002044498,1159913
6/13/16,2078.75,-0.008348241,1220867
6/10/16,2096.25,-0.008513657,1233697
6/9/16,2114.25,-0.001770538,1643544
6/8/16,2118,0.003672551,1299671
6/7/16,2110.25,0.000948654,1110603
6/6/16,2108.25,0.005005363,1259978
6/3/16,2097.75,-0.00285205,1738184
6/2/16,2103.75,0.002740705,1282372
6/1/16,2098,0.001431981,1310762
5/31/16,2095,-0.001072833,1606673
5/27/16,2097.25,0.003588946,1027854
5/26/16,2089.75,0.001197748,966381
5/25/16,2087.25,0.005903614,1438011
5/24/16,2075,0.014545899,1591313
5/23/16,2045.25,-0.002317073,1177953
5/20/16,2050,0.005518087,1571765
5/19/16,2038.75,-0.001347049,2052205
5/18/16,2041.5,-0.000978713,2076690
5/17/16,2043.5,-0.009332202,1976187
5/16/16,2062.75,0.009420113,1413480
5/13/16,2043.5,-0.007407407,1867129
5/12/16,2058.75,0.000364431,1792611
5/11/16,2058,-0.009386282,1459270
5/10/16,2077.5,0.011317999,1400565
5/9/16,2054.25,0.000730727,1363929
5/6/16,2052.75,0.004280822,1808770
5/5/16,2044,-0.001465559,1431702
5/4/16,2047,-0.004861449,1551545
5/3/16,2057,-0.008316259,1820986
5/2/16,2074.25,0.007406508,1296317
4/29/16,2059,-0.006513872,2399687
4/28/16,2072.5,-0.008728925,1925295
4/27/16,2090.75,0.001077328,1418675
4/26/16,2088.5,0.002520101,1216501
4/25/16,2083.25,-0.001318313,1271999
4/22/16,2086,0.001560437,1486065
4/21/16,2082.75,-0.007268827,1633196
4/20/16,2098,0.002029851,1460332
4/19/16,2093.75,0.003354499,1557462
4/18/16,2086.75,0.005662651,1389594
4/15/16,2075,-0.000722369,1199733
4/14/16,2076.5,0.000240848,1359458
4/13/16,2076,0.00985042,1629947
4/12/16,2055.75,0.010444827,1819008
4/11/16,2034.5,-0.0030626,1677144
4/8/16,2040.75,0.002825553,1761930
4/7/16,2035,-0.012255794,2042558
4/6/16,2060.25,0.010545677,1891760
4/5/16,2038.75,-0.009113001,1808361
4/4/16,2057.5,-0.003631961,1378158
4/1/16,2065,0.006580551,2046111
3/31/16,2051.5,-0.001824596,1713801
3/30/16,2055.25,0.003785104,1620038
3/29/16,2047.5,0.009615385,1545524
3/28/16,2028,-0.000246488,897439
3/24/16,2028.5,-0.000123229,1519099
3/23/16,2028.75,-0.006731946,1552850
3/22/16,2042.5,-0.000122384,1490146
3/21/16,2042.75,-0.00357061,1274436
3/18/16,2050.07,0.005059444,52556
3/17/16,2039.75,0.006290084,476949
3/16/16,2027,0.005581049,578697
3/15/16,2015.75,-0.001486068,917429
3/14/16,2018.75,-0.000618812,872903
3/11/16,2020,0.015713388,1216563
3/10/16,1988.75,-0.000125691,2725742
3/9/16,1989,0.004038364,1736155
3/8/16,1981,-0.009004502,1928239
3/7/16,1999,0.002005013,1623905
3/4/16,1995,0.002260739,2232860
3/3/16,1990.5,0.003529115,1541249
3/2/16,1983.5,0.002780586,1814091
3/1/16,1978,0.025136046,2031654
2/29/16,1929.5,-0.006820229,1822667
2/26/16,1942.75,-0.00397334,1873573
2/25/16,1950.5,0.010490869,1831957
2/24/16,1930.25,0.00743737,2313945
2/23/16,1916,-0.01045836,1597020
2/22/16,1936.25,0.011360669,1408894
2/19/16,1914.5,-0.001043569,1592600
2/18/16,1916.5,-0.003250553,1611837
2/17/16,1922.75,0.018001324,1839284
2/16/16,1888.75,0.016413292,2001436
2/12/16,1858.25,0.018498219,2009632
2/11/16,1824.5,-0.012048193,3196586
2/10/16,1846.75,-0.000811579,2352799
2/9/16,1848.25,-0.002024838,2783150
2/8/16,1852,-0.012398347,2667662
2/5/16,1875.25,-0.017035775,2303794
2/4/16,1907.75,-0.000392979,2251965
2/3/16,1908.5,0.005797101,2841210
2/2/16,1897.5,-0.017475728,2097985
2/1/16,1931.25,0.000647668,1740254
1/29/16,1930,0.026186362,2395768
1/28/16,1880.75,0.003066667,2249377
1/27/16,1875,-0.011075949,2109008
1/26/16,1896,0.013768213,1776173
1/25/16,1870.25,-0.015269185,1636585
1/22/16,1899.25,0.020553466,2100487
1/21/16,1861,0.003234501,2723416
1/20/16,1855,-0.009610251,3917784
1/19/16,1873,-0.001066667,2780626
1/15/16,1875,-0.020632019,3432315
1/14/16,1914.5,0.017539197,3033976
1/13/16,1881.5,-0.022597403,2887347
1/12/16,1925,0.005615776,2423038
1/11/16,1914.25,0.001438661,2484686
1/8/16,1911.5,-0.011122607,2681576
1/7/16,1933,-0.026686808,2961785
1/6/16,1986,-0.012799801,2214380
1/5/16,2011.75,0.00136884,1686270
1/4/16,2009,-0.013018914,2212693
12/31/15,2035.5,-0.009247992,1026053
12/30/15,2054.5,-0.008804728,718431
12/29/15,2072.75,0.01171446,829702
12/28/15,2048.75,-0.001218769,694543
12/24/15,2051.25,-0.000852411,323112
12/23/15,2053,0.008349705,1003210
12/22/15,2036,0.010421836,1142331
12/21/15,2015,-0.007252232,1269272
12/18/15,2029.72,-0.002226865,63211
12/17/15,2034.25,-0.018219112,404881
12/16/15,2072,0.012955268,574730
12/15/15,2045.5,0.01337627,1037862
12/14/15,2018.5,0.004353775,1267706
12/11/15,2009.75,-0.019275345,1574490
12/10/15,2049.25,0.003550441,1814181
12/9/15,2042,-0.008136005,2660114
12/8/15,2058.75,-0.010691975,1985935
12/7/15,2081,-0.003591094,1693066
12/4/15,2088.5,0.018159659,2254132
12/3/15,2051.25,-0.014532789,2643650
12/2/15,2081.5,-0.008809524,1709808
12/1/15,2100,0.009736747,1479676
11/30/15,2079.75,-0.004904306,1377146
11/27/15,2090,0.000957854,653079
11/25/15,2088,0.00155894,745779
11/24/15,2084.75,0.000239894,1514589
11/23/15,2084.25,-0.002154399,971241
11/20/15,2088.75,0.004568955,1266980
11/19/15,2079.25,-0.000240414,1283219
11/18/15,2079.75,0.015007321,1531975
11/17/15,2049,0.000488281,1610071
11/16/15,2048,0.014614813,1708089
11/13/15,2018.5,-0.010781671,2124881
11/12/15,2040.5,-0.01377477,1794847
11/11/15,2069,-0.004331088,1171227
11/10/15,2078,0.002411963,1285716
11/9/15,2073,-0.009910448,1855463
11/6/15,2093.75,-0.000119389,1845961
11/5/15,2094,-0.000358038,1537030
11/4/15,2094.75,-0.003922967,1543740
11/3/15,2103,0.003579098,1337628
11/2/15,2095.5,0.010488246,1281668
10/30/15,2073.75,-0.004440711,1750688
10/29/15,2083,-0.000719597,1396107
10/28/15,2084.5,0.011647658,1888636
10/27/15,2060.5,-0.000848588,1242724
10/26/15,2062.25,-0.001815102,1183138
10/23/15,2066,0.006332197,2050047
10/22/15,2053,0.022155838,2098033
10/21/15,2008.5,-0.005939124,1780504
10/20/15,2020.5,-0.003452528,1264201
10/19/15,2027.5,0.000987411,1306084
10/16/15,2025.5,0.003219416,1355097
10/15/15,2019,0.017641129,1727968
10/14/15,1984,-0.005015045,1765988
10/13/15,1994,-0.008453506,1509079
10/12/15,2011,0.001743462,792497
10/9/15,2007.5,0.00049838,1376562
10/8/15,2006.5,0.009686753,1802198
10/7/15,1987.25,0.009525019,1936412
10/6/15,1968.5,-0.003164958,1605882
10/5/15,1974.75,0.01634071,1672581
10/2/15,1943,0.013695057,2465795
10/1/15,1916.75,0.004191225,2051438
9/30/15,1908.75,0.018271539,2213235
9/29/15,1874.5,0.00133547,2367984
9/28/15,1872,-0.024618992,2326382
9/25/15,1919.25,0.000260586,2078180
9/24/15,1918.75,-0.005055743,2215933
9/23/15,1928.5,-0.001811594,1423869
9/22/15,1932,-0.015792155,1980294
9/21/15,1963,0.001530612,1513352
9/18/15,1960,-0.013960508,80375
9/17/15,1987.75,-0.005254598,516118
9/16/15,1998.25,0.009344614,591412
9/15/15,1979.75,0.013178096,1032026
9/14/15,1954,-0.003188369,891948
9/11/15,1960.25,0.005514234,1044500
9/10/15,1949.5,0.003474456,2268771
9/9/15,1942.75,-0.011700369,2095527
9/8/15,1965.75,0.022895798,1868461
9/4/15,1921.75,-0.012461459,2133618
9/3/15,1946,-0.000513611,2051771
9/2/15,1947,0.016179541,2177871
9/1/15,1916,-0.027040752,2819876
8/31/15,1969.25,-0.010302802,1875462
8/28/15,1989.75,0.000251351,1968178
8/27/15,1989.25,0.026444788,2929038
8/26/15,1938,0.03484181,3513948
8/25/15,1872.75,0.000801603,3652294
8/24/15,1871.25,-0.050849607,5243619
8/21/15,1971.5,-0.026660084,4160367
8/20/15,2025.5,-0.022795803,2577998
8/19/15,2072.75,-0.010148042,2287924
8/18/15,2094,-0.002500893,1133037
8/17/15,2099.25,0.004666188,1292404
8/14/15,2089.5,0.004325883,1069024
8/13/15,2080.5,-0.001799208,1487841
8/12/15,2084.25,0.002163722,2357389
8/11/15,2079.75,-0.009524943,1777943
8/10/15,2099.75,0.012659754,1192601
8/7/15,2073.5,-0.002885309,1593346
8/6/15,2079.5,-0.00680597,1608346
8/5/15,2093.75,0.005160826,1379742
8/4/15,2083,-0.003825921,1327794
8/3/15,2091,-0.003573981,1509759
7/31/15,2098.5,-0.002495544,1602657
7/30/15,2103.75,0.001070664,1285647
7/29/15,2101.5,0.006827165,1394145
7/28/15,2087.25,0.011019617,1721554
7/27/15,2064.5,-0.006257521,1777544
7/24/15,2077.5,-0.010007148,1669215
7/23/15,2098.5,-0.004506641,1436236
7/22/15,2108,-0.003074013,1224253
7/21/15,2114.5,-0.003534402,1203968
7/20/15,2122,0.001533923,937349
7/17/15,2118.75,0.000826641,889189
7/16/15,2117,0.006059166,1096207
7/15/15,2104.25,0.001070409,1144204
7/14/15,2102,0.003580807,953155
7/13/15,2094.5,0.012324795,1333093
7/10/15,2069,0.013594611,1572505
7/9/15,2041.25,0.000980753,1980885
7/8/15,2039.25,-0.016636528,2388595
7/7/15,2073.75,0.004480504,2529599
7/6/15,2064.5,-0.002054381,1857384
7/2/15,2068.75,-0.001086432,1247290
7/1/15,2071,0.008031151,1493202
6/30/15,2054.5,0.001950744,2355919
6/29/15,2050.5,-0.021591316,2287339
6/26/15,2095.75,0.000835721,1318744
6/25/15,2094,-0.002619671,1213961
6/24/15,2099.5,-0.008032129,1153248
6/23/15,2116.5,0.001774938,835219
6/22/15,2112.75,-0.002059411,1095590
6/19/15,2117.11,-0.002774376,46686
6/18/15,2123,0.01215733,430371
6/17/15,2097.5,0,549464
6/16/15,2097.5,0.006477927,790233
6/15/15,2084,-0.004300048,1077154
6/12/15,2093,-0.00770416,1130566
6/11/15,2109.25,0.001067869,1480391
6/10/15,2107,0.012980769,1664080
6/9/15,2080,0.000842055,1446234
6/8/15,2078.25,-0.006691361,1290580
6/5/15,2092.25,-0.003215817,1459933
6/4/15,2099,-0.008034026,1716475
6/3/15,2116,0.004390649,1310989
6/2/15,2106.75,-0.001185255,1442673
6/1/15,2109.25,0.00154321,1337694
5/29/15,2106,-0.007423118,1689212
5/28/15,2121.75,0.000353607,1074890
5/27/15,2121,0.00760095,1288328
5/26/15,2105,-0.00917863,1585923
5/22/15,2124.5,-0.001644737,765874
5/21/15,2128,0.002591284,792875
5/20/15,2122.5,-0.000941398,1009770
5/19/15,2124.5,-0.00070555,994750
5/18/15,2126,0.003303445,913154
5/15/15,2119,0.000708383,1023198
5/14/15,2117.5,0.010981141,1101487
5/13/15,2094.5,-0.000238663,1335896
5/12/15,2095,-0.001310928,1472548
5/11/15,2097.75,-0.005098411,1145379
5/8/15,2108.5,0.011634881,1377057
5/7/15,2084.25,0.00482102,1433321
5/6/15,2074.25,-0.004678503,1754960
5/5/15,2084,-0.01197108,1588014
5/4/15,2109.25,0.003687842,1000309
5/1/15,2101.5,0.010822511,1021007
4/30/15,2079,-0.009528347,2024833
4/29/15,2099,-0.006155303,1736098
4/28/15,2112,0.00344459,1474639
4/27/15,2104.75,-0.003314786,1200115
4/24/15,2111.75,0.00225439,954521
4/23/15,2107,0.003213903,1361370
4/22/15,2100.25,0.004423721,1187004
4/21/15,2091,0,1048695
4/20/15,2091,0.00746808,1117632
4/17/15,2075.5,-0.012019517,1819414
4/16/15,2100.75,0.000476247,1110320
4/15/15,2099.75,0.004184601,1044340
4/14/15,2091,0.002156722,1262993
4/13/15,2086.5,-0.004294918,1069908
4/10/15,2095.5,0.004674577,879754
4/9/15,2085.75,0.004696532,1209325
4/8/15,2076,0.003989844,1216620
4/7/15,2067.75,-0.00265284,1032728
4/6/15,2073.25,0.006676378,938538
4/3/15,2059.5,0,95921
4/2/15,2059.5,0.003166098,1044908
4/1/15,2053,-0.003760767,1818384
3/31/15,2060.75,-0.007106721,1595256
3/30/15,2075.5,0.011205847,1218573
3/27/15,2052.5,0.001952648,1158816
3/26/15,2048.5,-0.002556299,1839564
3/25/15,2053.75,-0.01498801,1777031
3/24/15,2085,-0.004654493,1191209
3/23/15,2094.75,-0.002034283,957424
3/20/15,2099.02,0.00407558,55066
3/19/15,2090.5,-0.004760771,337006
3/18/15,2100.5,0.012533141,643349
3/17/15,2074.5,-0.000963159,953277
3/16/15,2076.5,0.013050372,945740
3/13/15,2049.75,-0.00690407,1205545
3/12/15,2064,0.012012748,1627252
3/11/15,2039.5,-0.00122429,1702228
3/10/15,2042,-0.017206112,1898804
3/9/15,2077.75,0.003380418,1186663
3/6/15,2070.75,-0.013811168,1895148
3/5/15,2099.75,0.001550203,1096113
3/4/15,2096.5,-0.003919705,1480462
3/3/15,2104.75,-0.004375591,1360283
3/2/15,2114,0.005350137,1069024
2/27/15,2102.75,-0.003436019,1203840
2/26/15,2110,-0.000118469,1163745
2/25/15,2110.25,-0.001655825,971677
2/24/15,2113.75,0.003322653,1077835
2/23/15,2106.75,-0.000118652,847165
2/20/15,2107,0.005607923,1629515
2/19/15,2095.25,-0.000119303,1140895
2/18/15,2095.5,-0.00023855,1086542
2/17/15,2096,0.001194172,1233430
2/13/15,2093.5,0.004558541,1216834
2/12/15,2084,0.008834564,1422562
2/11/15,2065.75,0.001697175,1294083
2/10/15,2062.25,0.009669523,1377397
2/9/15,2042.5,-0.005114467,1284028
2/6/15,2053,-0.000973236,1716165
2/5/15,2055,0.012315271,1341850
2/4/15,2030,-0.005876592,1696234
2/3/15,2042,0.012394646,1705498
2/2/15,2017,0.014332411,2035431
1/30/15,1988.5,-0.014862522,2352251
1/29/15,2018.5,0.01355762,2117820
1/28/15,1991.5,-0.018965517,2086764
1/27/15,2030,-0.011443876,1949699
1/26/15,2053.5,0.00464775,1258009
1/23/15,2044,-0.006078288,1351989
1/22/15,2056.5,0.014803849,1834135
1/21/15,2026.5,0.004834511,1637366
1/20/15,2016.75,0.001862891,1805475
1/16/15,2013,0.012066365,2008817
1/15/15,1989,-0.009215442,2259436
1/14/15,2007.5,-0.00421627,2506589
1/13/15,2016,-0.003213844,2489224
1/12/15,2022.5,-0.006264587,1614675
1/9/15,2035.25,-0.009610706,1907275
1/8/15,2055,0.017578609,1551040
1/7/15,2019.5,0.01253447,1750412
1/6/15,1994.5,-0.010664683,2344320
1/5/15,2016,-0.01478314,2032736
1/2/15,2046.25,-0.003045067,1357107
12/31/14,2052.5,-0.011676899,835262
12/30/14,2076.75,-0.004314995,716610
12/29/14,2085.75,0.000719683,636306
12/26/14,2084.25,0.002645821,306636
12/24/14,2078.75,-0.00012025,235054
12/23/14,2079,0.003136309,774160
12/22/14,2072.5,0.005574937,854592
12/19/14,2061.01,-0.001932203,81781
12/18/14,2065,0.025195482,538236
12/17/14,2014.25,0.021683997,781859
12/16/14,1971.5,-0.009296482,1216734
12/15/14,1990,-0.003629991,1128900
12/12/14,1997.25,-0.01661743,1485315
12/11/14,2031,0.002220577,2241068
12/10/14,2026.5,-0.015066829,2369388
12/9/14,2057.5,-0.000971109,1887129
12/8/14,2059.5,-0.007947977,1408560
12/5/14,2076,0.001930502,1147239
12/4/14,2072,-0.000241255,1374378
12/3/14,2072.5,0.003146176,922158
12/2/14,2066,0.007436304,1148288
12/1/14,2050.75,-0.007501512,1470728
11/28/14,2066.25,-0.002895404,783069
11/26/14,2072.25,0.002297461,741582
11/25/14,2067.5,0,976545
11/24/14,2067.5,0.002788893,782885
11/21/14,2061.75,0.004751462,1630436
11/20/14,2052,0.002320186,1125939
11/19/14,2047.25,-0.000610203,1188389
11/18/14,2048.5,0.004289741,1140878
11/17/14,2039.75,0.000858685,1058349
11/14/14,2038,0.001966568,1045649
11/13/14,2034,-0.000982318,1541378
11/12/14,2036,-0.000245519,1082154
11/11/14,2036.5,0.001229105,779077
11/10/14,2034,0.003948667,957940
11/7/14,2026,-0.000986193,1282333
11/6/14,2028,0.004582043,1433396
11/5/14,2018.75,0.006606831,1568956
11/4/14,2005.5,-0.002734958,1518682
11/3/14,2011,-0.000248571,1358108
10/31/14,2011.5,0.011566507,1923491
10/30/14,1988.5,0.008239321,1980779
10/29/14,1972.25,-0.003914141,1894337
10/28/14,1980,0.011752683,1570163
10/27/14,1957,-0.00140324,1446627
10/24/14,1959.75,0.007065776,1601128
10/23/14,1946,0.010909091,2014791
10/22/14,1925,-0.006707946,2012915
10/21/14,1938,0.02,2238181
10/20/14,1900,0.01010101,1649868
10/17/14,1881,0.016482032,2565562
10/16/14,1850.5,0.002030594,3357691
10/15/14,1846.75,-0.014935325,4658973
10/14/14,1874.75,0.004958456,3111359
10/13/14,1865.5,-0.015177511,2942117
10/10/14,1894.25,-0.015974026,3067496
10/9/14,1925,-0.018733274,3091728
10/8/14,1961.75,0.017505187,2516066
10/7/14,1928,-0.014314928,2153512
10/6/14,1956,-0.002168091,1727289
10/3/14,1960.25,0.011220015,1551405
10/2/14,1938.5,-0.001159346,2710514
10/1/14,1940.75,-0.012592216,2444534
9/30/14,1965.5,-0.002030972,1981670
9/29/14,1969.5,-0.003289474,1781415
9/26/14,1976,0.007392302,1674972
9/25/14,1961.5,-0.014816675,2313833
9/24/14,1991,0.009506908,1566579
9/23/14,1972.25,-0.007048458,1624176
9/22/14,1986.25,-0.017903939,1577092
9/19/14,2022.46,0.005073922,75631
9/18/14,2012.25,0.005370972,333362
9/17/14,2001.5,0.00100025,623120
9/16/14,1999.5,0.007685523,883301
9/15/14,1984.25,-0.000251921,850706
9/12/14,1984.75,-0.006134201,1254423
9/11/14,1997,0.001002506,1736194
9/10/14,1995,0.002638522,1589905
9/9/14,1989.75,-0.005373657,1768180
9/8/14,2000.5,-0.002741775,1211086
9/5/14,2006,0.004129646,1692946
9/4/14,1997.75,-0.000500313,1518599
9/3/14,1998.75,-0.000500063,1297794
9/2/14,1999.75,-0.000874344,1244805
8/29/14,2001.5,0.002378866,1042342
8/28/14,1996.75,-0.000125188,1088965
8/27/14,1997,-0.000750563,759991
8/26/14,1998.5,0.001754386,877452
8/25/14,1995,0.00364734,850103
8/22/14,1987.75,-0.000879618,1115544
8/21/14,1989.5,0.003151393,840038
8/20/14,1983.25,0.003034518,1058474
8/19/14,1977.25,0.004955527,866006
8/18/14,1967.5,0.007682458,884004
8/15/14,1952.5,-0.000511902,1811277
8/14/14,1953.5,0.004499293,965033
8/13/14,1944.75,0.007381507,1119840
8/12/14,1930.5,-0.001034929,1233748
8/11/14,1932.5,0.004548408,1177405
8/8/14,1923.75,0.009710012,1900403
8/7/14,1905.25,-0.004961483,1949342
8/6/14,1914.75,0.000914794,1703654
8/5/14,1913,-0.009834369,2133765
8/4/14,1932,0.007036747,1604373
8/1/14,1918.5,-0.003247175,2876640
7/31/14,1924.75,-0.020483461,2765829
7/30/14,1965,0.001018849,1761889
7/29/14,1963,-0.005068424,1499831
7/28/14,1973,0.000760842,1358371
7/25/14,1971.5,-0.004669948,1426516
7/24/14,1980.75,0,1163673
7/23/14,1980.75,0.002911392,1149287
7/22/14,1975,0.004450095,1274810
7/21/14,1966.25,-0.002662947,1412516
7/18/14,1971.5,0.009214231,1794645
7/17/14,1953.5,-0.010760856,2440551
7/16/14,1974.75,0.003429878,1313844
7/15/14,1968,-0.00152207,1905574
7/14/14,1971,0.00433121,1003699
7/11/14,1962.5,0.002426255,1361251
7/10/14,1957.75,-0.004829076,1972590
7/9/14,1967.25,0.003442999,1390496
7/8/14,1960.5,-0.005327245,1775977
7/7/14,1971,-0.003286979,1097466
7/3/14,1977.5,0.004954898,840598
7/2/14,1967.75,0.001017423,915433
7/1/14,1965.75,0.006786172,1454015
6/30/14,1952.5,0.000256148,1155776
6/27/14,1952,0.001667736,1176113
6/26/14,1948.75,-0.000384714,1486229
6/25/14,1949.5,0.003216261,1530174
6/24/14,1943.25,-0.00499232,1527312
6/23/14,1953,-0.005864028,1009228
6/20/14,1964.52,0.003073781,61298
6/19/14,1958.5,0.000766479,369576
6/18/14,1957,0.007983518,522149
6/17/14,1941.5,0.002581978,880902
6/16/14,1936.5,0.000387447,864229
6/13/14,1935.75,0.002719503,939087
6/12/14,1930.5,-0.006944444,1660579
6/11/14,1944,-0.003332479,1337403
6/10/14,1950.5,0.000128189,1037793
6/9/14,1950.25,0.000513018,1021196
6/6/14,1949.25,0.005545525,1203122
6/5/14,1938.5,0.006620797,1676327
6/4/14,1925.75,0.001951093,917038
6/3/14,1922,0.00013009,946338
6/2/14,1921.75,0.000130107,1050017
5/30/14,1921.5,0.001824818,1168798
5/29/14,1918,0.00471451,977858
5/28/14,1909,-0.000130941,1059963
5/27/14,1909.25,0.006457565,919199
5/23/14,1897,0.003570956,759667
5/22/14,1890.25,0.002785146,1021175
5/21/14,1885,0.009100642,1348924
5/20/14,1868,-0.007570727,1564092
5/19/14,1882.25,0.004000533,1034628
5/16/14,1874.75,0.004016602,1520405
5/15/14,1867.25,-0.009547805,2247039
5/14/14,1885.25,-0.004751221,1186475
5/13/14,1894.25,0.000792498,1076413
5/12/14,1892.75,0.010274887,1181458
5/9/14,1873.5,0.000667646,1475471
5/8/14,1872.25,-0.001067094,1752614
5/7/14,1874.25,0.005364087,1996074
5/6/14,1864.25,-0.006130881,1379053
5/5/14,1875.75,0.000666844,1176286
5/2/14,1874.5,-0.001730795,1716276
5/1/14,1877.75,-0.00013312,936490
4/30/14,1878,0.003339121,1496796
4/29/14,1871.75,0.003081458,1218381
4/28/14,1866,0.003225806,2065167
4/25/14,1860,-0.006940737,1507335
4/24/14,1873,0,1577057
4/23/14,1873,-0.000533618,997020
4/22/14,1874,0.0050952,1106401
4/21/14,1864.5,0.003498385,532255
4/17/14,1858,0.002833626,1254621
4/16/14,1852.75,0.007203044,1641733
4/15/14,1839.5,0.008221431,2608555
4/14/14,1824.5,0.007037395,1878366
4/11/14,1811.75,-0.008347017,2525778
4/10/14,1827,-0.020244001,2377896
4/9/14,1864.75,0.010704607,1410063
4/8/14,1845,0.003808487,1852618
4/7/14,1838,-0.011827957,2177594
4/4/14,1860,-0.012214551,2496787
4/3/14,1883,0,1231331
4/2/14,1883,0.002795899,1181442
4/1/14,1877.75,0.007106463,1212999
3/31/14,1864.5,0.007565523,1569852
3/28/14,1850.5,0.005433306,1493568
3/27/14,1840.5,-0.001085482,2031060
3/26/14,1842.5,-0.009009009,1898418
3/25/14,1859.25,0.005271695,1653578
3/24/14,1849.5,-0.02313421,1834605
3/21/14,1893.3,0.010433622,47872
3/20/14,1873.75,0.007527894,344340
3/19/14,1859.75,-0.005879995,640709
3/18/14,1870.75,0.006997712,865008
3/17/14,1857.75,0.009646739,797416
3/14/14,1840,-0.00365507,1309151
3/13/14,1846.75,-0.011243475,2346067
3/12/14,1867.75,0.001340303,1664135
3/11/14,1865.25,-0.006392329,1609390
3/10/14,1877.25,-0.000399361,1167390
3/7/14,1878,0.000932712,1755702
3/6/14,1876.25,0.00200267,1281776
3/5/14,1872.5,0.000534331,1252481
3/4/14,1871.5,0.015463918,1750397
3/3/14,1843,-0.007806191,2375925
2/28/14,1857.5,0.00188781,2105950
2/27/14,1854,0.006514658,1610190
2/26/14,1842,-0.002301963,1463905
2/25/14,1846.25,0.000135428,1565256
2/24/14,1846,0.006405888,1606033
2/21/14,1834.25,-0.001089176,1311637
2/20/14,1836.25,0.005888798,1601705
2/19/14,1825.5,-0.006530612,1768178
2/18/14,1837.5,0.001362398,1209343
2/14/14,1835,0.005892833,1365228
2/13/14,1824.25,0.003990094,1645169
2/12/14,1817,0.00192997,1378358
2/11/14,1813.5,0.010447137,1761813
2/10/14,1794.75,0.000696961,1142980
2/7/14,1793.5,0.015284461,2337170
2/6/14,1766.5,0.012901376,1732542
2/5/14,1744,0.000143369,2074002
2/4/14,1743.75,0.00634829,2325416
2/3/14,1732.75,-0.024627076,3026026
1/31/14,1776.5,-0.002666667,2383777
1/30/14,1781.25,0.00564573,1821781
1/29/14,1771.25,-0.009506501,2737533
1/28/14,1788.25,0.007039279,1722933
1/27/14,1775.75,-0.003507295,2756312
1/24/14,1782,-0.023160203,2562839
1/23/14,1824.25,-0.007750884,1811795
1/22/14,1838.5,0,941132
1/21/14,1838.5,0.002317023,1326298
1/17/14,1834.25,-0.001089176,1157104
1/16/14,1836.25,-0.002850937,952497
1/15/14,1841.5,0.004637207,1257395
1/14/14,1833,0.009917355,1592737
1/13/14,1815,-0.012379268,1708697
1/10/14,1837.75,0.00259138,1455887
1/9/14,1833,0.000272851,1324525
1/8/14,1832.5,0.000955892,1330414
1/7/14,1830.75,0.005492242,1150952
1/6/14,1820.75,-0.002602027,1361860
1/3/14,1825.5,-0.000547495,960040
1/2/14,1826.5,-0.007876154,1223831
12/31/13,1841,0.003406459,650261
12/30/13,1834.75,-0.0009529,566572
12/27/13,1836.5,0,622662
12/26/13,1836.5,0.004100601,437830
12/24/13,1829,0.003428885,314408
12/23/13,1822.75,0.00543883,733403
12/20/13,1812.89,0.002427426,47698
12/19/13,1808.5,-0.001242579,387241
12/18/13,1810.75,0.017704089,705349
12/17/13,1779.25,-0.004058214,740425
12/16/13,1786.5,0.006620651,858132
12/13/13,1774.75,-0.000140845,988386
12/12/13,1775,-0.003228977,1831044
12/11/13,1780.75,-0.012340544,1988648
12/10/13,1803,-0.00331675,1166111
12/9/13,1809,0.002216066,1059179
12/6/13,1805,0.0117713,1756084
12/5/13,1784,-0.00432538,1571790
12/4/13,1791.75,0.000139548,2097836
12/3/13,1791.5,-0.00458397,1720294
12/2/13,1799.75,-0.002355876,1324016
11/29/13,1804,-0.000138562,817542
11/27/13,1804.25,0.001248613,848056
11/26/13,1802,-0.000277393,1090975
11/25/13,1802.5,0.000693963,1106283
11/22/13,1801.25,0.004181185,1238550
11/21/13,1793.75,0.007866273,1384622
11/20/13,1779.75,-0.003080801,2065833
11/19/13,1785.25,-0.001956674,1587573
11/18/13,1788.75,-0.002648453,1556412
11/15/13,1793.5,0.003216333,1226789
11/14/13,1787.75,0.005059733,1579106
11/13/13,1778.75,0.007790368,1673308
11/12/13,1765,-0.001414427,1394895
11/11/13,1767.5,0.000849377,952210
11/8/13,1766,0.011889414,2071554
11/7/13,1745.25,-0.011469839,2459589
11/6/13,1765.5,0.005123826,1320403
11/5/13,1756.5,-0.003686897,1473640
11/4/13,1763,0.004701524,1000121
11/1/13,1754.75,0.002141633,1600757
10/31/13,1751,-0.005396194,1872956
10/30/13,1760.5,-0.003960396,1774552
10/29/13,1767.5,0.004832291,1184071
10/28/13,1759,0.002850627,1156019
10/25/13,1754,0.003145553,1253352
10/24/13,1748.5,0.003875413,1246430
10/23/13,1741.75,-0.004429837,1519712
10/22/13,1749.5,0.006472026,1841176
10/21/13,1738.25,0.001007774,1107787
10/18/13,1736.5,0.00506439,1524654
10/17/13,1727.75,0.008463447,1668980
10/16/13,1713.25,0.012559102,1796325
10/15/13,1692,-0.007187913,1871393
10/14/13,1704.25,0.003090053,1506081
10/11/13,1699,0.008308605,1557513
10/10/13,1685,0.021986353,2286252
10/9/13,1648.75,-0.001060285,2485712
10/8/13,1650.5,-0.010343277,2351930
10/7/13,1667.75,-0.010090518,1596182
10/4/13,1684.75,0.008983381,1503566
10/3/13,1669.75,-0.007872846,2263053
10/2/13,1683,-0.003847292,1653547
10/1/13,1689.5,0.009108556,1759975
9/30/13,1674.25,-0.007263564,2148739
9/27/13,1686.5,-0.003545052,1430018
9/26/13,1692.5,0.004004152,1466703
9/25/13,1685.75,-0.003988183,1639058
9/24/13,1692.5,-0.000147689,1501832
9/23/13,1692.75,-0.018063798,1671961
9/20/13,1723.89,-0.000208786,66089
9/19/13,1724.25,-0.00014497,407019
9/18/13,1724.5,0.01143695,666703
9/17/13,1705,0.004122497,727285
9/16/13,1698,0.005626296,1005283
9/13/13,1688.5,0.002077151,756480
9/12/13,1685,-0.002220577,1354297
9/11/13,1688.75,0.00371471,1843965
9/10/13,1682.5,0.008088676,1849907
9/9/13,1669,0.009374055,1481869
9/6/13,1653.5,0.00030248,2564968
9/5/13,1653,-0.000302389,1254324
9/4/13,1653.5,0.008846858,1627760
9/3/13,1639,0.004750958,2317319
8/30/13,1631.25,-0.003360318,1932571
8/29/13,1636.75,0.002756931,1743634
8/28/13,1632.25,0.002456625,1647202
8/27/13,1628.25,-0.015717092,2249176
8/26/13,1654.25,-0.004363527,1213360
8/23/13,1661.5,0.004079166,1307792
8/22/13,1654.75,0.011151848,1556145
8/21/13,1636.5,-0.008482278,2115241
8/20/13,1650.5,0.003343465,1581959
8/19/13,1645,-0.003634161,1468155
8/16/13,1651,-0.002868791,1737043
8/15/13,1655.75,-0.015606421,2399303
8/14/13,1682,-0.005175218,1504310
8/13/13,1690.75,0.002222881,1604462
8/12/13,1687,0.000444774,1250683
8/9/13,1686.25,-0.004428044,1662642
8/8/13,1693.75,0.003257811,1510694
8/7/13,1688.25,-0.003394333,1380213
8/6/13,1694,-0.004992658,1273260
8/5/13,1702.5,-0.000880282,856396
8/2/13,1704,0.002205558,1212563
8/1/13,1700.25,0.011752455,1517089
7/31/13,1680.5,-0.002522629,1979509
7/30/13,1684.75,0.001337296,1318394
7/29/13,1682.5,-0.002371776,1100528
7/26/13,1686.5,0.001484561,1390749
7/25/13,1684,0.000148478,1422764
7/24/13,1683.75,-0.002665482,1505638
7/23/13,1688.25,-0.001183257,979433
7/22/13,1690.25,0.000443918,899675
7/19/13,1689.5,0.005355549,1145846
7/18/13,1680.5,0.002984184,1340316
7/17/13,1675.5,0.002543007,1413079
7/16/13,1671.25,-0.003725782,1170827
7/15/13,1677.5,0.004340668,910540
7/12/13,1670.25,0.000149701,1143081
7/11/13,1670,0.01304216,1449729
7/10/13,1648.5,0.001823154,1459781
7/9/13,1645.5,0.006114338,1269733
7/8/13,1635.5,0.005069903,1316733
7/5/13,1627.25,0.011342449,1718922
7/3/13,1609,0.001088816,1029810
7/2/13,1607.25,0.000311187,1668386
7/1/13,1606.75,0.004689698,1550499
6/28/13,1599.25,-0.004512916,2142572
6/27/13,1606.5,0.00689439,1588290
6/26/13,1595.5,0.008852355,1717573
6/25/13,1581.5,0.009736632,2019829
6/24/13,1566.25,-0.021050921,2837880
6/21/13,1599.93,0.005928953,100309
6/20/13,1590.5,-0.023933722,639730
6/19/13,1629.5,-0.013022411,589657
6/18/13,1651,0.006860802,739664
6/17/13,1639.75,0.009542866,848279
6/14/13,1624.25,-0.007637086,1034966
6/13/13,1636.75,0.016614907,2344577
6/12/13,1610,-0.010448679,2597580
6/11/13,1627,-0.009135201,2587869
6/10/13,1642,0.0021361,1807944
6/7/13,1638.5,0.009705746,2371499
6/6/13,1622.75,0.009172886,2795168
6/5/13,1608,-0.014252874,2646546
6/4/13,1631.25,-0.003055768,2137397
6/3/13,1636.25,0.004450583,2519490
5/31/13,1629,-0.014817055,2554986
5/30/13,1653.5,0.00394657,1773563
5/29/13,1647,-0.004533092,2125994
5/28/13,1654.5,0.002423508,2088238
5/24/13,1650.5,0.00030303,1948019
5/23/13,1650,-0.003322259,2671915
5/22/13,1655.5,-0.006004203,2970065
5/21/13,1665.5,0.000600781,1693935
5/20/13,1664.5,0.000901984,1748809
5/17/13,1663,0.009101942,1921247
5/16/13,1648,-0.003778147,1919609
5/15/13,1654.25,0.003792476,2122285
5/14/13,1648,0.010577955,2016880
5/13/13,1630.75,0.000767106,1328925
5/10/13,1629.5,0.00307787,1640219
5/9/13,1624.5,-0.002609363,1823710
5/8/13,1628.75,0.005091021,1587375
5/7/13,1620.5,0.004338395,1504953
5/6/13,1613.5,0.003108486,963963
5/3/13,1608.5,0.010205684,1935194
5/2/13,1592.25,0.009510223,1651280
5/1/13,1577.25,-0.009420631,1467736
4/30/13,1592.25,0.002518495,1554113
4/29/13,1588.25,0.007453219,1234673
4/26/13,1576.5,-0.003319109,1335009
4/25/13,1581.75,0.004923761,1594338
4/24/13,1574,0.000317763,1420026
4/23/13,1573.5,0.011246787,2107980
4/22/13,1556,0.00549273,1593692
4/19/13,1547.5,0.008800522,1862742
4/18/13,1534,-0.007761966,2314982
4/17/13,1546,-0.014501992,2968605
4/16/13,1568.75,0.016358925,2249005
4/15/13,1543.5,-0.024336283,2854356
4/12/13,1582,-0.003621477,1808001
4/11/13,1587.75,0.003159059,1721257
4/10/13,1582.75,0.012474012,2031363
4/9/13,1563.25,0.002565336,1632361
4/8/13,1559.25,0.008570505,1438013
4/5/13,1546,-0.005467996,2268208
4/4/13,1554.5,0.003874717,1991850
4/3/13,1548.5,-0.01022691,2262940
4/2/13,1564.5,0.005462725,1609532
4/1/13,1556,-0.004319309,1135732
3/28/13,1562.75,0.003854183,1627305
3/27/13,1556.75,-0.000321079,1568970
3/26/13,1557.25,0.006625727,1587656
3/25/13,1547,-0.003221649,2254235
3/22/13,1552,0.008447044,1579587
3/21/13,1539,-0.006455778,1904151
3/20/13,1549,0.004376722,1797647
3/19/13,1542.25,-0.002909326,2545239
3/18/13,1546.75,-0.006634213,2188168
3/15/13,1557.08,-0.003309329,66574
3/14/13,1562.25,0.00401671,368150
3/13/13,1556,0.002254428,504388
3/12/13,1552.5,-0.002249357,794855
3/11/13,1556,0.004194902,754879
3/8/13,1549.5,0.004375304,1135710
3/7/13,1542.75,0.002436647,1670257
3/6/13,1539,0.001301236,2089206
3/5/13,1537,0.007373423,2366293
3/4/13,1525.75,0.006099571,1980276
3/1/13,1516.5,0.002147695,2544889
2/28/13,1513.25,-0.001649349,2193202
2/27/13,1515.75,0.015577889,2452639
2/26/13,1492.5,0.003530005,2932756
2/25/13,1487.25,-0.017992737,3093507
2/22/13,1514.5,0.008994004,1761451
2/21/13,1501,-0.00398142,2503581
2/20/13,1507,-0.013743455,2017382
2/19/13,1528,0.007251154,1498174
2/15/13,1517,-0.000987817,1674261
2/14/13,1518.5,0.000823859,1369257
2/13/13,1517.25,0.000659522,1268482
2/12/13,1516.25,0.00214805,1258547
2/11/13,1513,0.000330579,1229887
2/8/13,1512.5,0.004816476,1428025
2/7/13,1505.25,-0.00099552,1959424
2/6/13,1506.75,0.000498008,1739209
2/5/13,1506,0.008369602,1741561
2/4/13,1493.5,-0.008793761,1740191
2/1/13,1506.75,0.009040683,1771608
1/31/13,1493.25,-0.001337569,1638725
1/30/13,1495.25,-0.006478405,1798387
1/29/13,1505,0.005344021,1496138
1/28/13,1497,0.000835701,1203634
1/25/13,1495.75,0.002681414,1573008
1/24/13,1491.75,0.001006543,1822913
1/23/13,1490.25,0.000503525,1190361
1/22/13,1489.5,0.007099391,1473299
1/18/13,1479,0.00220227,1447673
1/17/13,1475.75,0.0069942,1740296
1/16/13,1465.5,0.000170619,1230091
1/15/13,1465.25,0.000682943,1323808
1/14/13,1464.25,-0.002044641,1168418
1/11/13,1467.25,0.000170416,1122234
1/10/13,1467,0.007727975,1536010
1/9/13,1455.75,0.002410053,1186764
1/8/13,1452.25,-0.002404259,1366989
1/7/13,1455.75,-0.001371977,1189020
1/4/13,1457.75,0.002923977,1509781
1/3/13,1453.5,-0.002402196,1598235
1/2/13,1457,0.026056338,1939320
12/31/12,1420,0.026011561,1478128
12/28/12,1384,-0.018961545,1061826
12/27/12,1410.75,-0.001945525,1467429
12/26/12,1413.5,-0.004402183,578176
12/24/12,1419.75,-0.009654085,318126
12/21/12,1433.59,-0.008239364,73100
12/20/12,1445.5,0.005740129,340934
12/19/12,1437.25,-0.005879301,505063
12/18/12,1445.75,0.009249564,874926
12/17/12,1432.5,0.012367491,853447
12/14/12,1415,-0.002115656,1041852
12/13/12,1418,-0.006480995,1950362
12/12/12,1427.25,-0.002968914,1829769
12/11/12,1431.5,0.007921141,1772202
12/10/12,1420.25,0.003001412,1136014
12/7/12,1416,0.002123142,1771716
12/6/12,1413,0.003372981,1381373
12/5/12,1408.25,0.001956599,2045099
12/4/12,1405.5,-0.001066098,1619569
12/3/12,1407,-0.005302227,1652102
11/30/12,1414.5,-0.000882924,1680252
11/29/12,1415.75,0.006218905,1877829
11/28/12,1407,0.006797853,2120666
11/27/12,1397.5,-0.004097631,1637467
11/26/12,1403.25,-0.001423234,1220665
11/23/12,1405.25,0.012245633,910642
11/21/12,1388.25,0.001442741,1064943
11/20/12,1386.25,0.002712477,1538979
11/19/12,1382.5,0.016731017,1736394
11/16/12,1359.75,0.006290472,2588254
11/15/12,1351.25,-0.001293422,2405346
11/14/12,1353,-0.013129103,2448702
11/13/12,1371,-0.005260294,1950242
11/12/12,1378.25,0.001817191,1130556
11/9/12,1375.75,0.00036357,2549123
11/8/12,1375.25,-0.009899208,2614835
11/7/12,1389,-0.025434134,3190105
11/6/12,1425.25,0.009383853,1481236
11/5/12,1412,0.004624689,1385411
11/2/12,1405.5,-0.012471456,2088815
11/1/12,1423.25,0.011729163,1705826
10/31/12,1406.75,-0.00053286,1775115
10/30/12,1407.5,0,178848
10/29/12,1407.5,0,181669
10/26/12,1407.5,-0.000532576,2089836
10/25/12,1408.25,0.002134851,1807809
10/24/12,1405.25,-0.001066288,1756752
10/23/12,1406.75,-0.016258741,2301468
10/22/12,1430,0.004213483,1777659
10/19/12,1424,-0.018945918,2399785
10/18/12,1451.5,-0.00377488,1805789
10/17/12,1457,0.005347594,1534392
10/16/12,1449.25,0.009578544,1621207
10/15/12,1435.5,0.009848751,1524636
10/12/12,1421.5,-0.004900245,1620801
10/11/12,1428.5,0.001577564,1582367
10/10/12,1426.25,-0.006789694,1672672
10/9/12,1436,-0.009484394,1954989
10/8/12,1449.75,-0.003950532,961104
10/5/12,1455.5,-0.000171733,1679196
10/4/12,1455.75,0.007613774,1565475
10/3/12,1444.75,0.002602359,1540216
10/2/12,1441,0.002783577,1609875
10/1/12,1437,0.001917378,1901880
9/28/12,1434.25,-0.004684247,2098950
9/27/12,1441,0.009810792,1754731
9/26/12,1427,-0.007131675,1778971
9/25/12,1437.25,-0.00981743,1811493
9/24/12,1451.5,-0.010680426,1257245
9/21/12,1467.17,0.004566929,60974
9/20/12,1460.5,0.000685166,309519
9/19/12,1459.5,0.000171321,457469
9/18/12,1459.25,-0.00102687,762526
9/17/12,1460.75,-0.003411223,668585
9/14/12,1465.75,0.005832904,1291413
9/13/12,1457.25,0.01233067,2599658
9/12/12,1439.5,0.006291506,1725227
9/11/12,1430.5,0.002804066,1429945
9/10/12,1426.5,-0.008169651,1096354
9/7/12,1438.25,0.005066387,1468529
9/6/12,1431,0.019593872,2040127
9/5/12,1403.5,-0.001778094,1429011
9/4/12,1406,0.000711744,1680036
8/31/12,1405,0.005726557,2046718
8/30/12,1397,-0.007283709,1217187
8/29/12,1407.25,-0.000355177,959177
8/28/12,1407.75,-0.000355051,1209952
8/27/12,1408.25,-0.001064018,929925
8/24/12,1409.75,0.006964286,1571472
8/23/12,1400,-0.008674102,1592209
8/22/12,1412.25,-0.000176991,1671976
8/21/12,1412.5,-0.001590387,1730302
8/20/12,1414.75,-0.000353294,1110701
8/17/12,1415.25,0.001592357,1138845
8/16/12,1413,0.006768792,1482299
8/15/12,1403.5,0.001427042,1102404
8/14/12,1401.5,-0.000713012,1435041
8/13/12,1402.5,0,1202738
8/10/12,1402.5,0.001428061,1241893
8/9/12,1400.5,0.001609154,1179236
8/8/12,1398.25,0.000894775,1227651
8/7/12,1397,0.005035971,1459898
8/6/12,1390,0.000719942,1164883
8/3/12,1389,0.019823789,1943890
8/2/12,1362,-0.006202116,2827731
8/1/12,1370.5,-0.002910149,1789642
7/31/12,1374.5,-0.004346251,1774239
7/30/12,1380.5,-0.001446655,1483220
7/27/12,1382.5,0.020483484,2495264
7/26/12,1354.75,0.014794007,2275647
7/25/12,1335,0.004136894,1840145
7/24/12,1329.5,-0.010604651,2110235
7/23/12,1343.75,-0.010675502,2078031
7/20/12,1358.25,-0.010021866,1799655
7/19/12,1372,0.003474127,1742592
7/18/12,1367.25,0.006440927,1797476
7/17/12,1358.5,0.008163265,1970476
7/16/12,1347.5,-0.003144072,1546166
7/13/12,1351.75,0.016926838,1758313
7/12/12,1329.25,-0.005238541,1904845
7/11/12,1336.25,0.000561587,1910327
7/10/12,1335.5,-0.010190847,2019424
7/9/12,1349.25,-0.001849454,1468459
7/6/12,1351.75,-0.007161219,1952810
7/5/12,1361.5,-0.004751462,1880977
7/3/12,1368,0.007734807,1043774
7/2/12,1357.5,0.000737191,1687967
6/29/12,1356.5,0.025708885,2484771
6/28/12,1322.5,-0.002263297,2290787
6/27/12,1325.5,0.007601672,1615882
6/26/12,1315.5,0.006888634,1810326
6/25/12,1306.5,-0.01526286,1840378
6/22/12,1326.75,0.006447942,1858689
6/21/12,1318.25,-0.024060707,2708047
6/20/12,1350.75,0.000185117,2359064
6/19/12,1350.5,0.007084265,1771063
6/18/12,1341,0.003389526,2069087
6/15/12,1336.47,0.002603151,72958
6/14/12,1333,0.013302927,485343
6/13/12,1315.5,-0.008479367,510825
6/12/12,1326.75,0.015110941,817732
6/11/12,1307,-0.016368768,1171295
6/8/12,1328.75,0.009113347,1334013
6/7/12,1316.75,0.000950209,2577317
6/6/12,1315.5,0.023735409,2836135
6/5/12,1285,0.009426551,2034610
6/4/12,1273,-0.000784929,2334031
6/1/12,1274,-0.026923811,3276495
5/31/12,1309.25,0.000573175,2745153
5/30/12,1308.5,-0.018747657,2313601
5/29/12,1333.5,0.014068441,2235310
5/25/12,1315,-0.005671078,1519593
5/24/12,1322.5,0.005130154,2171122
5/23/12,1315.75,0.000760601,2555000
5/22/12,1314.75,-0.000760023,2449047
5/21/12,1315.75,0.019368584,2041257
5/18/12,1290.75,-0.008069164,2775704
5/17/12,1301.25,-0.016068053,2883903
5/16/12,1322.5,-0.004329004,2281345
5/15/12,1328.25,-0.004310345,2395350
5/14/12,1334,-0.011851852,1912794
5/11/12,1350,-0.005524862,1839116
5/10/12,1357.5,0.004811251,1836066
5/9/12,1351,-0.005520795,2523171
5/8/12,1358.5,-0.005308439,2306906
5/7/12,1365.75,0.002385321,1606353
5/4/12,1362.5,-0.016955267,2074698
5/3/12,1386,-0.00822898,1759554
5/2/12,1397.5,-0.002142092,1679970
5/1/12,1400.5,0.005023323,1305365
4/30/12,1393.5,-0.003575259,1319740
4/27/12,1398.5,0.001252909,1610498
4/26/12,1396.75,0.006848081,1666428
4/25/12,1387.25,0.012591241,1827184
4/24/12,1370,0.005320125,1439403
4/23/12,1362.75,-0.009089256,1848613
4/20/12,1375.25,0.002003643,1808198
4/19/12,1372.5,-0.004171957,2631716
4/18/12,1378.25,-0.003794724,1848186
4/17/12,1383.5,0.014296188,1847678
4/16/12,1364,-0.000732601,1959799
4/13/12,1365,-0.015151515,1925749
4/12/12,1386,0.016129032,1852924
4/11/12,1364,0.005158438,1739768
4/10/12,1357,-0.013090909,2514979
4/9/12,1375,-0.01096925,1082026
4/6/12,1390.25,0,197999
4/5/12,1390.25,-0.002153239,1536406
4/4/12,1393.25,-0.011002662,1826283
4/3/12,1408.75,-0.002654867,1673086
4/2/12,1412.5,0.00659184,1718252
3/30/12,1403.25,0.003575898,1616860
3/29/12,1398.25,-0.001428316,1826376
3/28/12,1400.25,-0.004443654,1752041
3/27/12,1406.5,-0.006007067,1251732
3/26/12,1415,0.015064562,1456063
3/23/12,1394,0.003599712,1559328
3/22/12,1389,-0.00608229,1682241
3/21/12,1397.5,-0.001785714,1533339
3/20/12,1400,-0.002849003,1583682
3/19/12,1404,-0.000789974,1517944
3/16/12,1405.11,0.002397004,48062
3/15/12,1401.75,0.005379236,352598
3/14/12,1394.25,-0.001432408,511055
3/13/12,1396.25,0.017304189,1018838
3/12/12,1372.5,0,904651
3/9/12,1372.5,0.004390779,1062312
3/8/12,1366.5,0.01016448,1830086
3/7/12,1352.75,0.008010432,1888277
3/6/12,1342,-0.016489557,2446910
3/5/12,1364.5,-0.003105023,1528635
3/2/12,1368.75,-0.004183339,1458860
3/1/12,1374.5,0.007328692,1966089
2/29/12,1364.5,-0.005103901,2280683
2/28/12,1371.5,0.003108429,1540432
2/27/12,1367.25,0.002934165,1662699
2/24/12,1363.25,0.000183419,1165325
2/23/12,1363,0.005162242,1593827
2/22/12,1356,-0.002941176,1439240
2/21/12,1360,0.000183857,1582147
2/17/12,1359.75,0.003690718,1247605
2/16/12,1354.75,0.009312721,1959657
2/15/12,1342.25,-0.004080876,2275907
2/14/12,1347.75,-0.000926612,1735366
2/13/12,1349,0.006340918,1234654
2/10/12,1340.5,-0.005748192,1713453
2/9/12,1348.25,0.000927988,1750116
2/8/12,1347,0.001673173,1540962
2/7/12,1344.75,0.004294249,1498761
2/6/12,1339,0,1191584
2/3/12,1339,0.012285012,1704222
2/2/12,1322.75,0.002273158,1352211
2/1/12,1319.75,0.008790369,1904532
1/31/12,1308.25,-0.000572956,1891559
1/30/12,1309,-0.002666667,1710571
1/27/12,1312.5,-0.002090857,1730421
1/26/12,1315.25,-0.003787162,2001696
1/25/12,1320.25,0.00667175,1968562
1/24/12,1311.5,0.000381388,1468957
1/23/12,1311,0.00019073,1594961
1/20/12,1310.75,0.000190767,1416582
1/19/12,1310.5,0.006335189,1837168
1/18/12,1302.25,0.010083382,2003604
1/17/12,1289.25,0.000193949,1836820
1/13/12,1289,-0.002128895,2114591
1/12/12,1291.75,0.002716864,1754245
1/11/12,1288.25,0.001749611,1800297
1/10/12,1286,0.008232066,1531383
1/9/12,1275.5,0.000980969,1437855
1/6/12,1274.25,0.000981932,1691681
1/5/12,1273,0,1815274
1/4/12,1273,0.000786164,1417634
1/3/12,1272,0.015568862,1563690
12/30/11,1252.5,-0.003976143,691026
12/29/11,1257.5,0.010445962,874817
12/28/11,1244.5,-0.01249752,1012280
12/27/11,1260.25,0,507304
12/23/11,1260.25,0.009007206,693965
12/22/11,1249,0.010313448,1332518
12/21/11,1236.25,0.000202265,1986543
12/20/11,1236,0.030859049,1825749
12/19/11,1199,-0.021264438,1683745
12/16/11,1225.05,0.005788177,75185
12/15/11,1218,0.004536082,327313
12/14/11,1212.5,-0.011213048,593669
12/13/11,1226.25,-0.007285974,999447
12/12/11,1235.25,-0.018669315,908398
12/9/11,1258.75,0.018406149,1143685
12/8/11,1236,-0.022151899,2442801
12/7/11,1264,0.007171315,2724649
12/6/11,1255,0,2184175
12/5/11,1255,0.00924809,2333706
12/2/11,1243.5,0,2177069
12/1/11,1243.5,-0.002006421,2110117
11/30/11,1246,0.041370664,3292771
11/29/11,1196.5,0.004617968,2421277
11/28/11,1191,0.032509753,2361257
11/25/11,1153.5,-0.005603448,1518196
11/23/11,1160,-0.019234834,2322710
11/22/11,1182.75,-0.006718455,2306750
11/21/11,1190.75,-0.019151565,2392631
11/18/11,1214,-0.000617411,2171965
11/17/11,1214.75,-0.01320065,3096373
11/16/11,1231,-0.018341308,2708943
11/15/11,1254,0.001197605,2243400
11/14/11,1252.5,-0.007134364,1865879
11/11/11,1261.5,0.019393939,1601758
11/10/11,1237.5,0.009791922,2581674
11/9/11,1225.5,-0.037502454,3240999
11/8/11,1273.25,0.012524851,2240883
11/7/11,1257.5,0.005195843,1982059
11/4/11,1251,-0.0037826,2242372
11/3/11,1255.75,0.017419486,2822919
11/2/11,1234.25,0.007962434,2238819
11/1/11,1224.5,-0.019811887,3665430
10/31/11,1249.25,-0.024785324,2236975
10/28/11,1281,-0.001169591,1912116
10/27/11,1282.5,0.036363636,3276168
10/26/11,1237.5,0.010616578,2696010
10/25/11,1224.5,-0.018043304,2627710
10/24/11,1247,0.009512244,2001503
10/21/11,1235.25,0.020867769,2108610
10/20/11,1210,0.002900953,2898123
10/19/11,1206.5,-0.013491415,2426086
10/18/11,1223,0.024288107,2978305
10/17/11,1194,-0.020709453,2384903
10/14/11,1219.25,0.017737896,2194541
10/13/11,1198,-0.000208638,2316227
10/12/11,1198.25,0.007356032,2558541
10/11/11,1189.5,-0.001259446,1949051
10/10/11,1191,0.031168831,1775475
10/7/11,1155,-0.002159827,2865429
10/6/11,1157.5,0.019823789,2903749
10/5/11,1135,0.019308487,3018143
10/4/11,1113.5,0.025086306,4171362
10/3/11,1086.25,-0.035301954,3496542
9/30/11,1126,-0.026162162,2978299
9/29/11,1156.25,0.006528836,2970593
9/28/11,1148.75,-0.017742625,2798516
9/27/11,1169.5,0.009495037,3246492
9/26/11,1158.5,0.025448108,3085037
9/23/11,1129.75,0.005562973,3347254
9/22/11,1123.5,-0.027903958,4733306
9/21/11,1155.75,-0.033653846,3254771
9/20/11,1196,-0.001461073,2593893
9/19/11,1197.75,-0.015607278,2446620
9/16/11,1216.74,0.004947347,112958
9/15/11,1210.75,0.018721077,457743
9/14/11,1188.5,0.01451131,868479
9/13/11,1171.5,0.007092199,1128791
9/12/11,1163.25,0.004533679,1147494
9/9/11,1158,-0.02340291,1612394
9/8/11,1185.75,-0.011050876,2135273
9/7/11,1199,0.029626449,2578150
9/6/11,1164.5,-0.004062433,3521190
9/2/11,1169.25,-0.026638918,2426867
9/1/11,1201.25,-0.013549579,2656315
8/31/11,1217.75,0.01079062,3150698
8/30/11,1204.75,-0.002690397,2575430
8/29/11,1208,0.027210884,1832857
8/26/11,1176,0.015982721,3053686
8/25/11,1157.5,-0.012372014,3198280
8/24/11,1172,0.011653,2604968
8/23/11,1158.5,0.03138215,3338118
8/22/11,1123.25,-0.00066726,2698067
8/19/11,1124,-0.017052908,3558566
8/18/11,1143.5,-0.03907563,3795010
8/17/11,1190,-0.001887188,2101855
8/16/11,1192.25,-0.005214852,2546769
8/15/11,1198.5,0.01848311,1989756
8/12/11,1176.75,0.007060334,2715118
8/11/11,1168.5,0.040053405,4467662
8/10/11,1123.5,-0.041177726,4891206
8/9/11,1171.75,0.054443195,6279037
8/8/11,1111.25,-0.072218743,6171543
8/5/11,1197.75,-0.000834202,6158899
8/4/11,1198.75,-0.044440016,5031371
8/3/11,1254.5,0.005812788,3814875
8/2/11,1247.25,-0.025395585,3293753
8/1/11,1279.75,-0.006790842,3020116
7/29/11,1288.5,-0.006362059,2886161
7/28/11,1296.75,-0.001732102,2337691
7/27/11,1299,-0.020546654,2535676
7/26/11,1326.25,-0.00543682,1697586
7/25/11,1333.5,-0.005592841,1638213
7/22/11,1341,-0.001117318,1471955
7/21/11,1342.5,0.016083254,2311271
7/20/11,1321.25,0,1637321
7/19/11,1321.25,0.015955402,2098625
7/18/11,1300.5,-0.011026616,2167934
7/15/11,1315,0.006313373,2296513
7/14/11,1306.75,-0.004191275,2877782
7/13/11,1312.25,0.001144383,2315093
7/12/11,1310.75,-0.005877892,2888474
7/11/11,1318.5,-0.017328116,2427261
7/8/11,1341.75,-0.007397818,2251831
7/7/11,1351.75,0.011978289,1677856
7/6/11,1335.75,-0.000748083,1816163
7/5/11,1336.75,0.001498408,1727465
7/1/11,1334.75,0.014633219,1954616
6/30/11,1315.5,0.008625647,1866887
6/29/11,1304.25,0.007531866,2488363
6/28/11,1294.5,0.014299706,1912881
6/27/11,1276.25,0.009691456,1990372
6/24/11,1264,-0.01018011,2493241
6/23/11,1277,-0.002148857,3315380
6/22/11,1279.75,-0.00640528,1869419
6/21/11,1288,0.011187439,2074533
6/20/11,1273.75,-0.004416133,1675015
6/17/11,1279.4,0.008195429,63172
6/16/11,1269,0.002765705,407023
6/15/11,1265.5,-0.018992248,757016
6/14/11,1290,0.014549744,1067059
6/13/11,1271.5,0.0017727,796518
6/10/11,1269.25,-0.014174757,1453338
6/9/11,1287.5,0.008222396,1715727
6/8/11,1277,-0.006032302,2686130
6/7/11,1284.75,-0.000194553,2060288
6/6/11,1285,-0.008678881,2184760
6/3/11,1296.25,-0.012380952,2665742
6/2/11,1312.5,0.000381098,2430378
6/1/11,1312,-0.023809524,2666114
5/31/11,1344,0.010526316,1909242
5/27/11,1330,0.002638522,1388644
5/26/11,1326.5,0.007595898,2284967
5/25/11,1316.5,0.002283974,2100099
5/24/11,1313.5,-0.001330546,1859801
5/23/11,1315.25,-0.009414423,2050172
5/20/11,1327.75,-0.010434135,2247208
5/19/11,1341.75,0.002428091,1825276
5/18/11,1338.5,0.00980762,1610420
5/17/11,1325.5,0,2289894
5/16/11,1325.5,-0.006371814,2176346
5/13/11,1334,-0.010018553,2233850
5/12/11,1347.5,0.006535948,2253407
5/11/11,1338.75,-0.011080332,2190906
5/10/11,1353.75,0.008192143,1571216
5/9/11,1342.75,0.006182091,1665449
5/6/11,1334.5,-0.000374532,2671717
5/5/11,1335,-0.005956813,2913889
5/4/11,1343,-0.006656805,2376784
5/3/11,1352,-0.004234948,1674060
5/2/11,1357.75,-0.001470859,1707040
4/29/11,1359.75,0.003505535,1270478
4/28/11,1355,0.00296077,1705011
4/27/11,1351,0.007457122,1384727
4/26/11,1341,0.007702423,1383391
4/25/11,1330.75,-0.000187829,597762
4/21/11,1331,0.002070393,1271379
4/20/11,1328.25,0.015093619,1870221
4/19/11,1308.5,0.005764796,1527562
4/18/11,1301,-0.013459716,2255340
4/15/11,1318.75,0.006487312,1633383
4/14/11,1310.25,0.001146132,2022559
4/13/11,1308.75,0.00038219,1894085
4/12/11,1308.25,-0.008525957,2078178
4/11/11,1319.5,-0.003210576,1527470
4/8/11,1323.75,-0.003575461,1857370
4/7/11,1328.5,-0.000376223,2179895
4/6/11,1329,0.001695873,1656542
4/5/11,1326.75,-0.00188076,1555950
4/4/11,1329.25,0.001129731,1272234
4/1/11,1327.75,0.005109765,1658616
3/31/11,1321,-0.002265861,1520310
3/30/11,1324,0.005696924,1402333
3/29/11,1316.5,0.010942599,1548050
3/28/11,1302.25,-0.005916031,1278479
3/25/11,1310,0.00363915,1643313
3/24/11,1305.25,0.010255418,1828579
3/23/11,1292,0.002910926,1938311
3/22/11,1288.25,-0.003673627,1441789
3/21/11,1293,0.001549187,1487398
3/18/11,1291,0.013542689,90105
3/17/11,1273.75,0.011916584,478790
3/16/11,1258.75,-0.016601563,761403
3/15/11,1280,-0.011964492,1006452
3/14/11,1295.5,-0.008039816,817826
3/11/11,1306,0.009078617,1121697
3/10/11,1294.25,-0.016153554,2602250
3/9/11,1315.5,-0.003409091,2195670
3/8/11,1320,0.008403361,2206427
3/7/11,1309,-0.008521113,2701105
3/4/11,1320.25,-0.0071442,2937134
3/3/11,1329.75,0.018380241,2354766
3/2/11,1305.75,0.003651038,2679910
3/1/11,1301,-0.018853695,3051801
2/28/11,1326,0.00549763,1928682
2/25/11,1318.75,0.012281712,1823171
2/24/11,1302.75,-0.002106473,2890907
2/23/11,1305.5,-0.00684671,3073462
2/22/11,1314.5,-0.020856611,3255745
2/18/11,1342.5,0.003550738,1511791
2/17/11,1337.75,0.003563391,1676969
2/16/11,1333,0.005089538,1799057
2/15/11,1326.25,-0.001129731,1447179
2/14/11,1327.75,0.000376719,1169256
2/11/11,1327.25,0.006445498,1879819
2/10/11,1318.75,-0.000379003,2054732
2/9/11,1319.25,-0.001891432,1824724
2/8/11,1321.75,0.004560137,1449543
2/7/11,1315.75,0.006502199,1501112
2/4/11,1307.25,0.00306925,1583557
2/3/11,1303.25,0.0025,1827301
2/2/11,1300,-0.002110919,1392927
2/1/11,1302.75,0.015789474,2089240
1/31/11,1282.5,0.008651199,2313880
1/28/11,1271.5,-0.01871503,3235835
1/27/11,1295.75,0.001739467,1552301
1/26/11,1293.5,0.004660194,1608754
1/25/11,1287.5,-0.000776096,2360267
1/24/11,1288.5,0.006837273,1636119
1/21/11,1279.75,0.002742409,2011881
1/20/11,1276.25,-0.001759875,2322868
1/19/11,1278.5,-0.012550685,2322168
1/18/11,1294.75,0.004071345,1672294
1/14/11,1289.5,0.006439024,1628778
1/13/11,1281.25,-0.001753019,1670930
1/12/11,1283.5,0.010232192,1603436
1/11/11,1270.5,0.003951008,1623507
1/10/11,1265.5,-0.001577909,1875738
1/7/11,1267.5,-0.002164928,2169192
1/6/11,1270.25,-0.001179477,1601075
1/5/11,1271.75,0.005137325,1781256
1/4/11,1265.25,0,1769443
1/3/11,1265.25,0.009776536,1589787
12/31/10,1253,-0.001195695,667046
12/30/10,1254.5,-0.000995421,712796
12/29/10,1255.75,0.001395534,587441
12/28/10,1254,0.000598444,553798
12/27/10,1253.25,0.000199521,581640
12/23/10,1253,-0.001195695,592048
12/22/10,1254.5,0.002998201,664354
12/21/10,1250.75,0.007653575,938860
12/20/10,1241.25,-0.000885419,1145804
12/17/10,1242.35,-0.000924809,47534
12/16/10,1243.5,0.005254648,317800
12/15/10,1237,-0.003825247,532608
12/14/10,1241.75,0.00040282,659316
12/13/10,1241.25,0.00020145,682650
12/10/10,1241,0.00648824,892424
12/9/10,1233,0.0034588,1387954
12/8/10,1228.75,0.004496219,2136410
12/7/10,1223.25,0.001022913,2449423
12/6/10,1222,-0.001225991,1324717
12/3/10,1223.5,0.000613371,1889908
12/2/10,1222.75,0.015151515,2035142
12/1/10,1204.5,0.021195422,2346276
11/30/10,1179.5,-0.005899705,3086086
11/29/10,1186.5,0.002746672,2491942
11/26/10,1183.25,-0.011073966,963332
11/24/10,1196.5,0.015489073,1818843
11/23/10,1178.25,-0.01648581,2453310
11/22/10,1198,-0.000208638,2209898
11/19/10,1198.25,0.000417449,1732259
11/18/10,1197.75,0.017197452,2067180
11/17/10,1177.5,0.002340924,2017449
11/16/10,1174.75,-0.017562199,3168883
11/15/10,1195.75,0.000209118,2070996
11/12/10,1195.5,-0.012799339,2766115
11/11/10,1211,-0.00247117,1775665
11/10/10,1214,0.002477291,2481333
11/9/10,1211,-0.007377049,2319633
11/8/10,1220,-0.001636661,1511467
11/5/10,1222,0.002872384,2101279
11/4/10,1218.5,0.017749008,2299798
11/3/10,1197.25,0.003772794,2360503
11/2/10,1192.75,0.008241758,1573659
11/1/10,1183,0.002754821,2027182
10/29/10,1179.75,0.000423998,1751544
10/28/10,1179.25,0.000424178,2014979
10/27/10,1178.75,-0.003381949,2241130
10/26/10,1182.75,0,1743843
10/25/10,1182.75,0.001693839,1752512
10/22/10,1180.75,0.004252605,1204824
10/21/10,1175.75,0.000851245,2407311
10/20/10,1174.75,0.009452202,2287491
10/19/10,1163.75,-0.012306387,3055906
10/18/10,1178.25,0.002765957,1463358
10/15/10,1175,0.001278228,2639031
10/14/10,1173.5,-0.000638706,2400134
10/13/10,1174.25,0.008372692,2151277
10/12/10,1164.5,0.0019359,1908021
10/11/10,1162.25,0.001507971,1005696
10/8/10,1160.5,0.003458712,1963670
10/7/10,1156.5,0.000648929,1988384
10/6/10,1155.75,0.000865988,1720880
10/5/10,1154.75,0.017625028,2202180
10/4/10,1134.75,-0.006565988,1847307
10/1/10,1142.25,0.004838355,2065971
9/30/10,1136.75,-0.003724803,2822726
9/29/10,1141,-0.000656886,1854883
9/28/10,1141.75,0.003515711,2302685
9/27/10,1137.75,-0.004810846,1342389
9/24/10,1143.25,0.020303436,1841773
9/23/10,1120.5,-0.008187652,2183277
9/22/10,1129.75,-0.004406257,1952141
9/21/10,1134.75,-0.001539815,2079142
9/20/10,1136.5,0.003089144,1787300
9/17/10,1133,0.004655287,74961
9/16/10,1127.75,0.001776593,375122
9/15/10,1125.75,0.004461298,536325
9/14/10,1120.75,-0.000445931,636121
9/13/10,1121.25,0.010362694,891528
9/10/10,1109.75,0.006575964,890439
9/9/10,1102.5,0.002956561,1612227
9/8/10,1099.25,0.007331042,2001331
9/7/10,1091.25,-0.011101042,1742935
9/3/10,1103.5,0.012849931,2011872
9/2/10,1089.5,0.007164317,1601762
9/1/10,1081.75,0.031958025,2356116
8/31/10,1048.25,0.003110048,2516451
8/30/10,1045,-0.017626322,1486076
8/27/10,1063.75,0.018186169,2540909
8/26/10,1044.75,-0.009246088,1990651
8/25/10,1054.5,0.004524887,2469673
8/24/10,1049.75,-0.014781793,2463456
8/23/10,1065.5,-0.004438215,1552340
8/20/10,1070.25,-0.000933489,1806478
8/19/10,1071.25,-0.01426271,2435373
8/18/10,1086.75,-0.002066116,1808554
8/17/10,1089,0.011142061,1779783
8/16/10,1077,0.000929368,1609731
8/13/10,1076,-0.00301135,1479393
8/12/10,1079.25,-0.005299539,2180592
8/11/10,1085,-0.031033713,2638633
8/10/10,1119.75,-0.005108841,2030147
8/9/10,1125.5,0.005359536,998906
8/6/10,1119.5,-0.003560303,2177263
8/5/10,1123.5,-0.000889284,1331274
8/4/10,1124.5,0.00558909,1591800
8/3/10,1118.25,-0.003120125,1493524
8/2/10,1121.75,0.021397678,1611264
7/30/10,1098.25,0.001139471,2133582
7/29/10,1097,-0.004537205,2247428
7/28/10,1102,-0.00810081,1641500
7/27/10,1111,0.00135196,1822245
7/26/10,1109.5,0.008178101,1539071
7/23/10,1100.5,0.011721443,2091081
7/22/10,1087.75,0.022321429,2178892
7/21/10,1064,-0.014814815,2436304
7/20/10,1080,0.015276146,2275326
7/19/10,1063.75,0.00070555,1734088
7/16/10,1063,-0.02521779,2499790
7/15/10,1090.5,-0.000458295,2416608
7/14/10,1091,0.001147052,1940692
7/13/10,1089.75,0.012308407,2000432
7/12/10,1076.5,0.003729604,1380636
7/9/10,1072.5,0.005154639,1421564
7/8/10,1067,0.007316498,2098747
7/7/10,1059.25,0.034171345,2555689
7/6/10,1024.25,0.009859502,2431442
7/2/10,1014.25,-0.007340347,2134035
7/1/10,1021.75,-0.004627375,3343250
6/30/10,1026.5,-0.008452065,2620502
6/29/10,1035.25,-0.033380019,3104749
6/28/10,1071,-0.003489184,1686715
6/25/10,1074.75,0.003970107,2448151
6/24/10,1070.5,-0.015632184,2548207
6/23/10,1087.5,-0.002751032,2234836
6/22/10,1090.5,-0.018009905,2285497
6/21/10,1110.5,-0.007445278,2160771
6/18/10,1118.83,0.00231131,58546
6/17/10,1116.25,0.002019749,469613
6/16/10,1114,0.000449035,589440
6/15/10,1113.5,0.021091243,795131
6/14/10,1090.5,0.001147579,887308
6/11/10,1089.25,0.005074971,1167326
6/10/10,1083.75,0.026764567,2420258
6/9/10,1055.5,-0.003540241,2970184
6/8/10,1059.25,0.010734733,3399280
6/7/10,1048,-0.016885553,2390486
6/4/10,1066,-0.033982782,3210481
6/3/10,1103.5,0.006154548,2031604
6/2/10,1096.75,0.025479196,2214865
6/1/10,1069.5,-0.017455214,2592122
5/28/10,1088.5,-0.011353315,2367380
5/27/10,1101,0.03745583,2929237
5/26/10,1061.25,-0.010950606,2925947
5/25/10,1073,0.001867414,3431574
5/24/10,1071,-0.012448133,2225286
5/21/10,1084.5,0.013551402,4023957
5/20/10,1070,-0.036036036,4373681
5/19/10,1110,-0.007821229,3585102
5/18/10,1118.75,-0.013882768,3092769
5/17/10,1134.5,-0.000660647,3045653
5/14/10,1135.25,-0.018586557,2954607
5/13/10,1156.75,-0.011113486,1963587
5/12/10,1169.75,0.015187676,2106419
5/11/10,1152.25,-0.003674881,2659948
5/10/10,1156.5,0.044715447,3638568
5/7/10,1107,-0.013808463,5013862
5/6/10,1122.5,-0.035652921,5674895
5/5/10,1164,-0.007249467,3056854
5/4/10,1172.5,-0.021693784,3552538
5/3/10,1198.5,0.012674271,1796282
4/30/10,1183.5,-0.018046049,2896699
4/29/10,1205.25,0.012815126,1978106
4/28/10,1190,0.00762066,2857064
4/27/10,1181,-0.02255328,3590721
4/26/10,1208.25,-0.003299649,1621388
4/23/10,1212.25,0.008737258,1856101
4/22/10,1201.75,0.001041233,2668931
4/21/10,1200.5,-0.004147657,2148731
4/20/10,1205.5,0.008364701,1533730
4/19/10,1195.5,0.004410838,2469267
4/16/10,1190.25,-0.015101365,3584805
4/15/10,1208.5,0.001657688,1732427
4/14/10,1206.5,0.01131601,1723682
4/13/10,1193,0.000419287,1553591
4/12/10,1192.5,0,1250421
4/9/10,1192.5,0.007391763,1450628
4/8/10,1183.75,0.004028838,1900014
4/7/10,1179,-0.0056926,2150194
4/6/10,1185.75,0.002324598,1395387
4/5/10,1183,0.007880724,1025888
4/1/10,1173.75,0.007294572,1933171
3/31/10,1165.25,-0.003634032,2101730
3/30/10,1169.5,0.000641711,1642976
3/29/10,1168.75,0.004512248,1453231
3/26/10,1163.5,0.000645023,2158979
3/25/10,1162.75,-0.001502791,2354673
3/24/10,1164.5,-0.004275331,1983392
3/23/10,1169.5,0.006454389,1852348
3/22/10,1162,-0.009335436,1915570
3/19/10,1172.95,0.005960549,57789
3/18/10,1166,0.000214454,323112
3/17/10,1165.75,0.005390254,382975
3/16/10,1159.5,0.00804173,534353
3/15/10,1150.25,-0.000868621,541039
3/12/10,1151.25,0.00065189,820606
3/11/10,1150.5,0.004145756,1642010
3/10/10,1145.75,0.004603244,2112662
3/9/10,1140.5,0.003078276,1759468
3/8/10,1137,0.000439947,1175918
3/5/10,1136.5,0.012697706,1869074
3/4/10,1122.25,0.003352705,1456698
3/3/10,1118.5,0.000894855,1581434
3/2/10,1117.5,0.00269179,1502547
3/1/10,1114.5,0.009968283,1614001
2/26/10,1103.5,0.001134044,1942627
2/25/10,1102.25,-0.001132759,2696848
2/24/10,1103.5,0.005696058,1882885
2/23/10,1097.25,-0.009255079,2224420
2/22/10,1107.5,0.001129944,1317255
2/19/10,1106.25,0.000678426,2095859
2/18/10,1105.5,0.005457026,1831933
2/17/10,1099.5,0.005716899,1669958
2/16/10,1093.25,0.013206673,1760773
2/12/10,1079,0.002322341,2746593
2/11/10,1076.5,0.012461792,2261897
2/10/10,1063.25,-0.002813599,2200307
2/9/10,1066.25,0.009706439,3014373
2/8/10,1056,-0.00353857,2046336
2/5/10,1059.75,-0.001883683,3963729
2/4/10,1061.75,-0.031691746,3296423
2/3/10,1096.5,-0.000683527,1883086
2/2/10,1097.25,0.010126582,2102320
2/1/10,1086.25,0.014712751,1896011
1/29/10,1070.5,-0.008107482,3042043
1/28/10,1079.25,-0.013933303,3030021
1/27/10,1094.5,0.0066682,2614146
1/26/10,1087.25,-0.004805492,2431164
1/25/10,1092.5,0.001374885,2059400
1/22/10,1091,-0.0180018,3516342
1/21/10,1111,-0.020282187,3413319
1/20/10,1134,-0.010255291,2370298
1/19/10,1145.75,0.011923162,1915929
1/15/10,1132.25,-0.011351233,2031715
1/14/10,1145.25,0.003285151,1346436
1/13/10,1141.5,0.006613757,2110033
1/12/10,1134,-0.007439825,2089364
1/11/10,1142.5,0.00087604,1444997
1/8/10,1141.5,0.003516484,1508175
1/7/10,1137.5,0.003971756,1553963
1/6/10,1133,0.000662398,1252015
1/5/10,1132.25,0.003100775,1368386
1/4/10,1128.75,0.016205267,1282633
12/31/09,1110.75,-0.010026738,636905
12/30/09,1122,0.000222866,593863
12/29/09,1121.75,-0.00111309,577267
12/28/09,1123,0.000891266,472715
12/24/09,1122,0.005826983,248984
12/23/09,1115.5,0.001796138,724432
12/22/09,1113.5,0.004737198,923487
12/21/09,1108.25,0.005324843,1157286
12/18/09,1102.38,0.003075523,58323
12/17/09,1099,-0.010355696,346525
12/16/09,1110.5,0.001578354,401776
12/15/09,1108.75,-0.004265828,629375
12/14/09,1113.5,0.004963899,757740
12/11/09,1108,0.005444646,798580
12/10/09,1102,0.005933364,1327831
12/9/09,1095.5,0.005045872,2239481
12/8/09,1090,-0.012457531,2251962
12/7/09,1103.75,-0.00383574,1572214
12/4/09,1108,0.009107468,2928961
12/3/09,1098,-0.009025271,2054949
12/2/09,1108,-0.00045106,1669060
12/1/09,1108.5,0.012559945,1835688
11/30/09,1094.75,0.004818724,2016591
11/27/09,1089.5,-0.017583408,1704981
11/25/09,1109,0.00543971,1078340
11/24/09,1103,-0.000679502,1584089
11/23/09,1103.75,0.012614679,1545064
11/20/09,1090,-0.003883939,1451811
11/19/09,1094.25,-0.01285521,2047058
11/18/09,1108.5,0.000902935,1480000
11/17/09,1107.5,0.001129944,1517083
11/16/09,1106.25,0.013513514,1992105
11/13/09,1091.5,0.003908945,1478254
11/12/09,1087.25,-0.008209806,2020189
11/11/09,1096.25,0.003891941,1800698
11/10/09,1092,0.00022899,1810118
11/9/09,1091.75,0.023915592,1833896
11/6/09,1066.25,0.002821538,2082058
11/5/09,1063.25,0.015520535,1949016
11/4/09,1047,0.005039597,2360779
11/3/09,1041.75,0.002646776,2315679
11/2/09,1039,0.005808325,2783823
10/30/09,1033,-0.026848799,3376612
10/29/09,1061.5,0.022147328,2298367
10/28/09,1038.5,-0.020744932,2843071
10/27/09,1060.5,-0.005625879,2460527
10/26/09,1066.5,-0.009749304,2339507
10/23/09,1077,-0.012606005,2348150
10/22/09,1090.75,0.011827458,2184400
10/21/09,1078,-0.010555301,2418114
10/20/09,1089.5,-0.001374885,1991670
10/19/09,1091,0.00831793,1559384
10/16/09,1082,-0.007111723,2017636
10/15/09,1089.75,0.001838658,1839117
10/14/09,1087.75,0.017777778,1968023
10/13/09,1068.75,-0.002566496,1519381
10/12/09,1071.5,0.003277154,1060806
10/9/09,1068,0.0039953,1327011
10/8/09,1063.75,0.009729473,1874290
10/7/09,1053.5,0.004768717,1692060
10/6/09,1048.5,0.011577424,2160838
10/5/09,1036.5,0.014436017,1675762
10/2/09,1021.75,-0.005596107,2564606
10/1/09,1027.5,-0.024216524,2761051
9/30/09,1053,-0.001659161,2852909
9/29/09,1054.75,-0.00401322,1645534
9/28/09,1059,0.017291066,1516970
9/25/09,1041,-0.003112282,1885166
9/24/09,1044.25,-0.013928234,2315316
9/23/09,1059,-0.007730148,2129823
9/22/09,1067.25,0.006364922,1414027
9/21/09,1060.5,-0.010330636,1698615
9/18/09,1071.57,0.003812646,45284
9/17/09,1067.5,-0.000468165,344998
9/16/09,1068,0.016900738,431773
9/15/09,1050.25,0.002146947,610394
9/14/09,1048,0.006240999,640193
9/11/09,1041.5,-0.000239981,827072
9/10/09,1041.75,0.008958838,1445592
9/9/09,1032.5,0.007317073,2091726
9/8/09,1025,0.010848126,1527757
9/4/09,1014,0.0122286,1625973
9/3/09,1001.75,0.007543374,1398009
9/2/09,994.25,-0.002257903,1920576
9/1/09,996.5,-0.022799706,3206696
8/31/09,1019.75,-0.007542579,1647166
8/28/09,1027.5,-0.001700267,1570206
8/27/09,1029.25,0.002434867,2068535
8/26/09,1026.75,0.000730994,1886346
8/25/09,1026,0.001464129,2067951
8/24/09,1024.5,-0.000731529,1725611
8/21/09,1025.25,0.020403085,1932725
8/20/09,1004.75,0.00777332,1639885
8/19/09,997,0.007579586,2127507
8/18/09,989.5,0.011500128,1753397
8/17/09,978.25,-0.027342779,2201445
8/14/09,1005.75,-0.007646769,1836479
8/13/09,1013.5,0.011224744,1828176
8/12/09,1002.25,0.009315206,2040882
8/11/09,993,-0.01439206,1612512
8/10/09,1007.5,0.000993542,1189129
8/7/09,1006.5,0.011557789,1979123
8/6/09,995,-0.005745691,1731837
8/5/09,1000.75,-0.00398109,1862527
8/4/09,1004.75,0.003997002,1874293
8/3/09,1000.75,0.016505841,1754282
7/31/09,984.5,0.002290659,2082892
7/30/09,982.25,0.007435897,2202255
7/29/09,975,-0.00102459,1869237
7/28/09,976,-0.004081633,1932201
7/27/09,980,0.002301202,1521546
7/24/09,977.75,0.009029928,1682233
7/23/09,969,0.020537125,2299971
7/22/09,949.5,-0.004195071,2049033
7/21/09,953.5,0.004741834,1892528
7/20/09,949,0.01280683,1574716
7/17/09,937,0.001335827,1525903
7/16/09,935.75,0.009166891,2191367
7/15/09,927.25,0.028563505,2188329
7/14/09,901.5,0.006700168,2009856
7/13/09,895.5,0.024306548,2053821
7/10/09,874.25,-0.005403868,1825714
7/9/09,879,0.006008584,1779181
7/8/09,873.75,-0.006255331,2498962
7/7/09,879.25,-0.018146287,1930545
7/6/09,895.5,0.002518892,1736323
7/2/09,893.25,-0.028283927,1850449
7/1/09,919.25,0.004096122,1534550
6/30/09,915.5,-0.00624152,2062874
6/29/09,921.25,0.007932166,1346711
6/26/09,914,-0.002727769,1410004
6/25/09,916.5,0.020601336,2278262
6/24/09,898,0.00870542,1749833
6/23/09,890.25,0.001969612,1834657
6/22/09,888.5,-0.040652162,2043793
6/19/09,926.15,0.009152819,40080
6/18/09,917.75,0.008793625,308167
6/17/09,909.75,-0.002467105,398535
6/16/09,912,-0.012452626,651370
6/15/09,923.5,-0.022492723,747400
6/12/09,944.75,0.002919321,761323
6/11/09,942,0.001594896,1574555
6/10/09,940.5,0.001064396,2636837
6/9/09,939.5,0.000798935,1928047
6/8/09,938.75,-0.001860712,1980655
6/5/09,940.5,0,2399049
6/4/09,940.5,0.009390931,1786027
6/3/09,931.75,-0.011405836,1975454
6/2/09,942.5,0.00372737,1946965
6/1/09,939,0.022875817,2197829
5/29/09,918,0.014364641,2009771
5/28/09,905,0.014005602,2694863
5/27/09,892.5,-0.017881706,2404322
5/26/09,908.75,0.026836158,2586181
5/22/09,885,-0.004219409,1651521
5/21/09,888.75,-0.0125,2388542
5/20/09,900,-0.007170436,2781625
5/19/09,906.5,-0.000551268,1981787
5/18/09,907,0.027180068,1928363
5/15/09,883,-0.007307476,2204790
5/14/09,889.5,0.004800904,2200806
5/13/09,885.25,-0.023711056,2461178
5/12/09,906.75,-0.002475248,2530397
5/11/09,909,-0.01703163,2061930
5/8/09,924.75,0.019570011,2641858
5/7/09,907,-0.011174707,2743570
5/6/09,917.25,0.015218594,2650152
5/5/09,903.5,0.000830795,1997855
5/4/09,902.75,0.03053653,2171103
5/1/09,876,0.006896552,1802797
4/30/09,870,0.001150748,2712027
4/29/09,869,0.020252421,2418138
4/28/09,851.75,-0.005836008,2224466
4/27/09,856.75,-0.011252164,2460914
4/24/09,866.5,0.020913108,2407351
4/23/09,848.75,0.014038232,2489552
4/22/09,837,-0.012680625,2933883
4/21/09,847.75,0.017707083,2691106
4/20/09,833,-0.038938564,2217804
4/17/09,866.75,0.006094022,1873990
4/16/09,861.5,0.015321155,2587100
4/15/09,848.5,0.009818506,2175733
4/14/09,840.25,-0.016100703,2351211
4/13/09,854,0.001759531,1635670
4/9/09,852.5,0.036474164,2081575
4/8/09,822.5,0.01044226,2088351
4/7/09,814,-0.01986755,2101777
4/6/09,830.5,-0.01189768,1996010
4/3/09,840.5,0.00598444,2171655
4/2/09,835.5,0.032437442,2984901
4/1/09,809.25,0.018244731,2614278
3/31/09,794.75,0.013388588,2688645
3/30/09,784.25,-0.038909314,2261920
3/27/09,816,-0.013599275,2210455
3/26/09,827.25,0.023507578,2733189
3/25/09,808.25,0.005911637,3118269
3/24/09,803.5,-0.016824717,2433671
3/23/09,817.25,0.035279959,2915781
3/20/09,789.4,0.006566784,36840
3/19/09,784.25,-0.014142049,380780
3/18/09,795.5,0.021508828,561493
3/17/09,778.75,0.028392209,700058
3/16/09,757.25,-0.000659848,827057
3/13/09,757.75,0.0083167,1081065
3/12/09,751.5,0.043025677,1983342
3/11/09,720.5,0.006284916,3205708
3/10/09,716,0.059171598,3286136
3/9/09,676,-0.017084696,2721975
3/6/09,687.75,0.00255102,3329849
3/5/09,686,-0.031757234,3338389
3/4/09,708.5,0.0275562,3168491
3/3/09,689.5,-0.022678951,3131092
3/2/09,705.5,-0.039155601,2886199
2/27/09,734.25,-0.023603723,3023734
2/26/09,752,-0.012475378,2499376
2/25/09,761.5,-0.009430894,3198201
2/24/09,768.75,0.031879195,2750323
2/23/09,745,-0.031838856,2743651
2/20/09,769.5,-0.012828736,3142066
2/19/09,779.5,0,2407562
2/18/09,779.5,-0.007638447,2732760
2/17/09,785.5,-0.042073171,2998314
2/13/09,820,-0.018551765,2032708
2/12/09,835.5,0.004810583,3192534
2/11/09,831.5,0.005441354,2294910
2/10/09,827,-0.043930636,3210594
2/9/09,865,-0.003169116,1759790
2/6/09,867.75,0.032421178,2419130
2/5/09,840.5,0.01295571,2616179
2/4/09,829.75,-0.00210463,2212942
2/3/09,831.5,0.012480974,2093215
2/2/09,821.25,-0.001519757,1971078
1/30/09,822.5,-0.024028478,2467501
1/29/09,842.75,-0.032989099,2044480
1/28/09,871.5,0.038427167,2305731
1/27/09,839.25,0.010231718,1925806
1/26/09,830.75,0.008803886,2254244
1/23/09,823.5,-0.002422774,2596504
1/22/09,825.5,-0.013444876,3060637
1/21/09,836.75,0.038151365,2859490
1/20/09,806,-0.050088391,2841680
1/16/09,848.5,0.011021746,2818199
1/15/09,839.25,-0.000595415,3371389
1/14/09,839.75,-0.033103051,2749495
1/13/09,868.5,0.000576037,2284001
1/12/09,868,-0.019762846,1654564
1/9/09,885.5,-0.023435346,2052723
1/8/09,906.75,0.001657001,1775437
1/7/09,905.25,-0.027135948,1961214
1/6/09,930.5,0.003234501,1912293
1/5/09,927.5,0.002160994,1606235
1/2/09,925.5,0.028333333,1095813
12/31/08,900,0.013228258,916314
12/30/08,888.25,0.02039058,777046
12/29/08,870.5,0.001726122,614648
12/26/08,869,0.004624277,201650
12/24/08,865,0.007571345,239099
12/23/08,858.5,-0.014634146,995885
12/22/08,871.25,-0.020781352,1178582
12/19/08,889.74,-0.006432161,56292
12/18/08,895.5,-0.009676528,442542
12/17/08,904.25,-0.010125889,598512
12/16/08,913.5,0.046092184,770136
12/15/08,873.25,-0.014390519,846057
12/12/08,886,0.012571429,1220089
12/11/08,875,-0.023164946,1700088
12/10/08,895.75,0.007026419,2582026
12/9/08,889.5,-0.016855485,2629268
12/8/08,904.75,0.036962751,2646329
12/5/08,872.5,0.029498525,3221506
12/4/08,847.5,-0.02417962,2834117
12/3/08,868.5,0.022968198,3332111
12/2/08,849,0.040760037,3242501
12/1/08,815.75,-0.088802011,2630581
11/28/08,895.25,0.010155148,889730
11/26/08,886.25,0.038675652,2177284
11/25/08,853.25,0.006191038,3116154
11/24/08,848,0.070707071,3413399
11/21/08,792,0.058469763,4278847
11/20/08,748.25,-0.079076923,4471459
11/19/08,812.5,-0.062319677,3430032
11/18/08,866.5,0.018213866,3277728
11/17/08,851,-0.012188044,2799233
11/14/08,861.5,-0.050950151,3372229
11/13/08,907.75,0.063561804,4449284
11/12/08,853.5,-0.044232923,3001549
11/11/08,893,-0.030927835,2679092
11/10/08,921.5,-0.015754339,2130841
11/7/08,936.25,0.035102266,2698265
11/6/08,904.5,-0.055845511,3511716
11/5/08,958,-0.045103414,2738398
11/4/08,1003.25,0.034811759,2326394
11/3/08,969.5,0.002326182,1523295
10/31/08,967.25,0.005980239,2756518
10/30/08,961.5,0.037216828,2930383
10/29/08,927,-0.012516644,3240110
10/28/08,938.75,0.1245882,3768415
10/27/08,834.75,-0.03608545,2926986
10/24/08,866,-0.053810434,3315060
10/23/08,915.25,0.01384658,4058789
10/22/08,902.75,-0.058900182,3288095
10/21/08,959.25,-0.031549722,2638526
10/20/08,990.5,0.061060525,2435954
10/17/08,933.5,-0.007970244,3820686
10/16/08,941,0.041793523,5074482
10/15/08,903.25,-0.09877775,3831280
10/14/08,1002.25,-0.014261126,4094351
10/13/08,1016.75,0.141133558,3358671
10/10/08,891,-0.023561644,5899056
10/9/08,912.5,-0.069826707,4171147
10/8/08,981,-0.024608501,5313795
10/7/08,1005.75,-0.045098505,4296292
10/6/08,1053.25,-0.049627792,4475297
10/3/08,1108.25,-0.014450867,3191895
10/2/08,1124.5,-0.037655113,2741088
10/1/08,1168.5,-0.000427716,2503550
9/30/08,1169,0.044916201,2929451
9/29/08,1118.75,-0.078839028,3948082
9/26/08,1214.5,0.000824063,2225525
9/25/08,1213.5,0.017183571,2740073
9/24/08,1193,0.00505476,2403254
9/23/08,1187,-0.022039135,3098102
9/22/08,1213.75,-0.051246375,2758953
9/19/08,1279.31,0.067648654,62791
9/18/08,1198.25,0.032306698,913547
9/17/08,1160.75,-0.044060119,880531
9/16/08,1214.25,0.016108787,1159272
9/15/08,1195,-0.049512826,1197521
9/12/08,1257.25,0.004996003,1089646
9/11/08,1251,0.014392864,2062741
9/10/08,1233.25,0.005503465,3012184
9/9/08,1226.5,-0.031965272,3349429
9/8/08,1267,0.020950846,3227266
9/5/08,1241,0.003639304,2958715
9/4/08,1236.5,-0.030386199,2839366
9/3/08,1275.25,-0.00097924,2159339
9/2/08,1276.5,-0.004678363,2286856
8/29/08,1282.5,-0.011941448,1353013
8/28/08,1298,0.012480499,1513592
8/27/08,1282,0.00805976,1442209
8/26/08,1271.75,0.004145282,1456121
8/25/08,1266.5,-0.019926485,1639629
8/22/08,1292.25,0.013132105,1380141
8/21/08,1275.5,0.001373896,1598014
8/20/08,1273.75,0.004138747,1769970
8/19/08,1268.5,-0.010530421,1715971
8/18/08,1282,-0.013656472,1698350
8/15/08,1299.75,0.004637681,1473919
8/14/08,1293.75,0.007201246,1883891
8/13/08,1284.5,-0.005420054,2184428
8/12/08,1291.5,-0.010344828,1743555
8/11/08,1305,0.009866512,2097151
8/8/08,1292.25,0.019124606,2179132
8/7/08,1268,-0.015336828,1993045
8/6/08,1287.75,0.00370226,1730315
8/5/08,1283,0.027427427,2002327
8/4/08,1248.75,-0.009125174,1521764
8/1/08,1260.25,-0.005327545,1861777
7/31/08,1267,-0.013815917,2330165
7/30/08,1284.75,0.018228651,2348334
7/29/08,1261.75,0.021659919,2096150
7/28/08,1235,-0.014955135,1619650
7/25/08,1253.75,0,1614028
7/24/08,1253.75,-0.022417154,1988950
7/23/08,1282.5,0.006474397,2125754
7/22/08,1274.25,0.010107015,2103273
7/21/08,1261.5,0.000793336,1536139
7/18/08,1260.5,0.005584364,1921007
7/17/08,1253.5,0.010072522,2892500
7/16/08,1241,0.024349979,2893515
7/15/08,1211.5,-0.013637289,3662907
7/14/08,1228.25,-0.009276064,2663429
7/11/08,1239.75,-0.011757672,3251690
7/10/08,1254.5,0.005208333,3027898
7/9/08,1248,-0.020215898,2405025
7/8/08,1273.75,0.017575394,2751962
7/7/08,1251.75,-0.010474308,2580560
7/3/08,1265,0.001781825,1847255
7/2/08,1262.75,-0.018270165,2431509
7/1/08,1286.25,0.004098361,3199214
6/30/08,1281,0.00078125,2168867
6/27/08,1280,-0.003503309,2338736
6/26/08,1284.5,-0.028733459,2644046
6/25/08,1322.5,0.005321171,2070490
6/24/08,1315.5,-0.002086099,2115190
6/23/08,1318.25,-0.015702467,1451974
6/20/08,1339.28,-0.000537313,16853
6/19/08,1340,0.002243829,357086
6/18/08,1337,-0.010362694,437319
6/17/08,1351,-0.00497146,523288
6/16/08,1357.75,0.000184162,552324
6/13/08,1357.5,0.012304251,746590
6/12/08,1341,0.003930376,1417461
6/11/08,1335.75,-0.015115207,2601302
6/10/08,1356.25,-0.005317198,2206955
6/9/08,1363.5,0.002942258,2140578
6/6/08,1359.5,-0.032556485,2769435
6/5/08,1405.25,0.020145191,1991888
6/4/08,1377.5,-0.000725426,2085776
6/3/08,1378.5,-0.005052328,2157451
6/2/08,1385.5,-0.010710461,1706127
5/30/08,1400.5,0.001967448,1179341
5/29/08,1397.75,0.004491556,1722211
5/28/08,1391.5,0.004874526,1703573
5/27/08,1384.75,0.008190754,1572828
5/23/08,1373.5,-0.014175489,1522550
5/22/08,1393.25,0.000179469,1728941
5/21/08,1393,-0.017283951,2372279
5/20/08,1417.5,-0.008567931,1868001
5/19/08,1429.75,0.002805541,1789049
5/16/08,1425.75,0.000877501,1792070
5/15/08,1424.5,0.011898419,1745979
5/14/08,1407.75,0.002135611,1740580
5/13/08,1404.75,0,1527087
5/12/08,1404.75,0.011339093,1570216
5/9/08,1389,-0.002155172,1625250
5/8/08,1392,-0.002329332,1703231
5/7/08,1395.25,-0.017948267,1944506
5/6/08,1420.75,0.008876265,1891642
5/5/08,1408.25,-0.005297545,1247386
5/2/08,1415.75,0.003010981,1924510
5/1/08,1411.5,0.018398268,1904214
4/30/08,1386,-0.003773585,1916786
4/29/08,1391.25,-0.004472272,1448179
4/28/08,1397.5,0.00035791,1155730
4/25/08,1397,0.007936508,1567802
4/24/08,1386,0.005440696,2146239
4/23/08,1378.5,-0.001629549,1834571
4/22/08,1380.75,-0.005402485,1754531
4/21/08,1388.25,0.000180115,1257968
4/18/08,1388,0.0114775,1987772
4/17/08,1372.25,0.000911743,1788172
4/16/08,1371,0.026197605,2089593
4/15/08,1336,0.003568075,1753265
4/14/08,1331.25,-0.003182329,1459105
4/11/08,1335.5,-0.019996331,2024747
4/10/08,1362.75,0.001837897,1787751
4/9/08,1360.25,-0.007840992,1833439
4/8/08,1371,-0.000910913,1412742
4/7/08,1372.25,0.000182216,1476207
4/4/08,1372,-0.0010921,1921087
4/3/08,1373.5,0.001823487,1597014
4/2/08,1371,0.00036483,1842164
4/1/08,1370.5,0.035120846,2328623
3/31/08,1324,0.003790751,1619317
3/28/08,1319,-0.008084226,1526259
3/27/08,1329.75,-0.004305504,2021529
3/26/08,1335.5,-0.011838698,1602660
3/25/08,1351.5,0,1733906
3/24/08,1351.5,0.037508444,1429511
3/20/08,1302.64,0.003188294,20841
3/19/08,1298.5,-0.025515947,534141
3/18/08,1332.5,0.042236996,753289
3/17/08,1278.5,-0.010065815,975573
3/14/08,1291.5,-0.016561965,1347641
3/13/08,1313.25,0.002863688,1853949
3/12/08,1309.5,-0.010951662,2545300
3/11/08,1324,0.038024304,3222244
3/10/08,1275.5,-0.013343647,2381829
3/7/08,1292.75,-0.011659021,3078193
3/6/08,1308,-0.020591539,2517077
3/5/08,1335.5,0.006405426,2468567
3/4/08,1327,-0.003753754,2763950
3/3/08,1332,0.00056338,1944534
2/29/08,1331.25,-0.025260846,2302716
2/28/08,1365.75,-0.010684535,1796976
2/27/08,1380.5,-0.001627192,1835677
2/26/08,1382.75,0.008202698,2096189
2/25/08,1371.5,0.011803762,2041157
2/22/08,1355.5,0.006310319,2024737
2/21/08,1347,-0.008830022,2032645
2/20/08,1359,0.002582073,2212665
2/19/08,1355.5,0.003145236,1718585
2/15/08,1351.25,0.000185048,1466909
2/14/08,1351,-0.009349221,1902104
2/13/08,1363.75,0.010372291,1835901
2/12/08,1349.75,0.008593312,2251770
2/11/08,1338.25,0.006013907,1842322
2/8/08,1330.25,-0.007461295,1708720
2/7/08,1340.25,0.007706767,2927426
2/6/08,1330,-0.009864135,2162714
2/5/08,1343.25,-0.02574796,2517764
2/4/08,1378.75,-0.013063708,1218675
2/1/08,1397,0.012685756,2290938
1/31/08,1379.5,0.021473528,3192392
1/30/08,1350.5,-0.008443465,2609409
1/29/08,1362,0.005537099,1581503
1/28/08,1354.5,0.015367316,2013859
1/25/08,1334,-0.013496025,2543013
1/24/08,1352.25,0.008013418,2431922
1/23/08,1341.5,0.024632423,4119794
1/22/08,1309.25,-0.012073194,4734875
1/18/08,1325.25,-0.010822915,3219547
1/17/08,1339.75,-0.026344477,3404177
1/16/08,1376,-0.008645533,3222442
1/15/08,1388,-0.02270727,2438444
1/14/08,1420.25,0.008879418,1456055
1/11/08,1407.75,-0.009324419,2191787
1/10/08,1421,0.006730429,2737056
1/9/08,1411.5,0.010379384,2811604
1/8/08,1397,-0.017235315,2902242
1/7/08,1421.5,-0.001054111,2436934
1/4/08,1423,-0.024507284,2199479
1/3/08,1458.75,0.000171409,1266237
1/2/08,1458.5,-0.012692503,1623508