Date,PX_LAST,PX_VOLUME
#NAME?,14.375,3730
12/28/17,14.275,3537
12/27/17,14.275,4171
12/26/17,14.325,3048
12/22/17,14.425,3734
12/21/17,14.475,4158
12/20/17,14.025,8145
12/19/17,13.975,7999
12/18/17,14.075,8207
12/15/17,14.325,8502
12/14/17,14.575,7472
12/13/17,14.625,8529
12/12/17,14.775,7047
12/11/17,14.725,6097
12/8/17,14.825,6445
12/7/17,14.925,3918
12/6/17,15.225,3234
12/5/17,15.275,8033
12/4/17,15.425,7891
12/1/17,15.475,12750
11/30/17,15.275,8242
11/29/17,15.325,4280
11/28/17,15.125,4107
11/27/17,15.225,3097
11/24/17,15.125,2999
11/22/17,15.175,3251
11/21/17,15.275,4585
11/20/17,15.575,3951
11/17/17,15.925,4725
11/16/17,15.975,3588
11/15/17,15.725,12522
11/14/17,15.475,13480
11/13/17,15.375,6093
11/10/17,15.225,10808
11/9/17,14.975,12043
11/8/17,14.875,6953
11/7/17,14.825,7940
11/6/17,14.675,3642
11/3/17,14.725,4482
11/2/17,14.675,5188
11/1/17,14.575,5127
10/31/17,14.475,3526
10/30/17,14.575,7484
10/27/17,14.575,5866
10/26/17,14.975,4160
10/25/17,14.925,8643
10/24/17,14.875,6270
10/23/17,14.875,5201
10/20/17,14.625,5440
10/19/17,14.725,8478
10/18/17,14.225,10578
10/17/17,14.225,12732
10/16/17,14.225,7825
10/13/17,14.425,8920
10/12/17,14.625,8005
10/11/17,14.625,5799
10/10/17,14.725,6334
10/9/17,14.875,4746
10/6/17,14.725,5340
10/5/17,14.675,3297
10/4/17,14.875,3650
10/3/17,14.875,5225
10/2/17,14.925,4870
9/29/17,15.225,3963
9/28/17,15.325,2256
9/27/17,15.375,3931
9/26/17,15.375,3115
9/25/17,15.475,5975
9/22/17,15.575,3686
9/21/17,15.375,6445
9/20/17,14.975,14088
9/19/17,15.125,19872
9/18/17,14.975,12414
9/15/17,15.325,5738
9/14/17,15.375,6692
9/13/17,15.325,9115
9/12/17,15.575,8356
9/11/17,15.825,8677
9/8/17,16.125,6219
9/7/17,15.975,7192
9/6/17,15.925,7998
9/5/17,15.625,9791
9/1/17,15.525,4466
8/31/17,15.525,7117
8/30/17,15.725,3805
8/29/17,15.675,8366
8/28/17,15.575,6760
8/25/17,15.65,6454
8/24/17,15.725,7004
8/23/17,15.775,9174
8/22/17,15.425,6533
8/21/17,15.975,6196
8/18/17,16.275,11692
8/17/17,16.125,15181
8/16/17,14.425,15612
8/15/17,14.625,14987
8/14/17,14.525,13357
8/11/17,15.725,24605
8/10/17,15.475,27068
8/9/17,14.525,17122
8/8/17,14.375,15422
8/7/17,14.075,7158
8/4/17,14.175,7929
8/3/17,14.025,6058
8/2/17,13.875,6669
8/1/17,13.725,6639
7/31/17,13.875,5810
7/28/17,14.025,6869
7/27/17,14.025,10356
7/26/17,14.125,6101
7/25/17,14.175,7638
7/24/17,14.2,4138
7/21/17,14.375,7583
7/20/17,14.425,5687
7/19/17,14.125,12532
7/18/17,14.225,10416
7/17/17,14.175,7941
7/14/17,14.225,7482
7/13/17,14.575,7061
7/12/17,14.625,9813
7/11/17,14.825,6576
7/10/17,14.975,5928
7/7/17,15.275,7898
7/6/17,15.325,9647
7/5/17,15.075,8081
7/3/17,15.075,4411
6/30/17,14.925,7516
6/29/17,14.875,15081
6/28/17,14.825,3683
6/27/17,14.875,8316
6/26/17,14.825,3841
6/23/17,15.1,4766
6/22/17,15.175,6679
6/21/17,14.575,12949
6/20/17,14.675,12438
6/19/17,14.775,9073
6/16/17,14.925,5964
6/15/17,15.125,5867
6/14/17,15.025,8169
6/13/17,15.125,4957
6/12/17,15.275,4696
6/9/17,15.225,6216
6/8/17,15.275,3156
6/7/17,15.475,3400
6/6/17,15.475,3544
6/5/17,15.375,2624
6/2/17,15.35,4380
6/1/17,15.275,5945
5/31/17,15.375,6986
5/30/17,15.375,7583
5/26/17,15.625,3738
5/25/17,15.725,6192
5/24/17,15.725,4519
5/23/17,15.775,3716
5/22/17,15.575,3890
5/19/17,15.775,10274
5/18/17,16.375,7795
5/17/17,15.775,29895
5/16/17,15.175,7911
5/15/17,15.175,6551
5/12/17,15.325,5807
5/11/17,15.275,8362
5/10/17,15.275,6215
5/9/17,15.175,5906
5/8/17,15.175,5457
5/5/17,15.075,5210
5/4/17,14.925,7280
5/3/17,15.125,3436
5/2/17,15.025,4374
5/1/17,14.925,4776
4/28/17,15.275,5357
4/27/17,15.375,2803
4/26/17,15.325,4844
4/25/17,15.225,8436
4/24/17,15.575,8366
4/21/17,15.925,8294
4/20/17,16.175,7507
4/19/17,15.425,20098
4/18/17,15.475,10280
4/17/17,15.575,6635
4/13/17,16.1,7442
4/12/17,15.875,6470
4/11/17,15.875,12529
4/10/17,15.775,4114
4/7/17,15.6,5272
4/6/17,15.375,4247
4/5/17,15.675,4494
4/4/17,15.375,3416
4/3/17,15.575,5214
3/31/17,15.475,4930
3/30/17,15.475,3028
3/29/17,15.575,2914
3/28/17,15.725,4568
3/27/17,16.025,5005
3/24/17,16.35,3865
3/23/17,16.675,4798
3/22/17,16.025,16625
3/21/17,16.125,10101
3/20/17,15.775,5859
3/17/17,15.875,9025
3/16/17,16.025,4142
3/15/17,16.275,5070
3/14/17,16.475,6421
3/13/17,16.325,2876
3/10/17,16.425,3163
3/9/17,16.575,4393
3/8/17,16.625,5346
3/7/17,16.625,3551
3/6/17,16.625,4380
3/3/17,16.725,4412
3/2/17,17.025,6446
3/1/17,16.925,4357
2/28/17,17.025,6028
2/27/17,16.925,3943
2/24/17,17.275,8843
2/23/17,17.125,8820
2/22/17,16.775,4082
2/21/17,16.675,4005
2/17/17,16.525,2508
2/16/17,16.425,8393
2/15/17,15.475,18616
2/14/17,15.775,12207
2/13/17,16.425,6581
2/10/17,16.725,8516
2/9/17,16.725,5486
2/8/17,16.875,10350
2/7/17,16.775,5597
2/6/17,16.725,3224
2/3/17,16.675,3583
2/2/17,16.825,4111
2/1/17,16.675,5501
1/31/17,16.875,3736
1/30/17,16.975,6304
1/27/17,16.925,4240
1/26/17,16.825,3866
1/25/17,16.775,4958
1/24/17,17.025,6391
1/23/17,17.525,4094
1/20/17,17.725,5939
1/19/17,17.925,4774
1/18/17,17.525,9887
1/17/17,17.725,9702
1/13/17,17.65,6500
1/12/17,17.525,6072
1/11/17,17.325,5955
1/10/17,17.425,5515
1/9/17,17.475,4858
1/6/17,17.575,4424
1/5/17,17.725,4255
1/4/17,17.825,5844
1/3/17,18.275,4685
12/30/16,18.825,3295
12/29/16,18.725,3319
12/28/16,18.625,2525
12/27/16,18.425,1252
12/23/16,18.575,1678
12/22/16,18.575,3395
12/21/16,17.825,6844
12/20/16,17.925,6694
12/19/16,18.025,4726
12/16/16,18.275,6573
12/15/16,18.275,3671
12/14/16,18.275,7310
12/13/16,18.475,6200
12/12/16,18.425,3501
12/9/16,18.225,4190
12/8/16,18.375,4379
12/7/16,18.3,5612
12/6/16,18.275,3180
12/5/16,18.425,4670
12/2/16,18.925,3573
12/1/16,18.825,4393
11/30/16,18.625,2411
11/29/16,18.625,1981
11/28/16,18.625,3042
11/25/16,18.525,1065
11/23/16,18.625,1674
11/22/16,18.525,2694
11/21/16,18.5,4957
11/18/16,18.725,6242
11/17/16,18.675,5346
11/16/16,18.375,11988
11/15/16,18.325,10372
11/14/16,18.375,6922
11/11/16,18.325,8369
11/10/16,18.375,12190
11/9/16,18,15726
11/8/16,18.525,6227
11/7/16,18.4,7379
11/4/16,19.925,6546
11/3/16,20.025,4732
11/2/16,19.45,4974
11/1/16,19.325,6114
10/31/16,19.025,3994
10/28/16,19.025,5857
10/27/16,18.975,3678
10/26/16,18.675,3823
10/25/16,18.525,5876
10/24/16,18.525,3257
10/21/16,18.875,3309
10/20/16,19.025,3044
10/19/16,18.6,6123
10/18/16,18.875,4317
10/17/16,19.025,2380
10/14/16,19.175,4652
10/13/16,19.3,6701
10/12/16,19.075,5527
10/11/16,18.925,7767
10/10/16,18.575,3061
10/7/16,18.85,4609
10/6/16,18.725,2951
10/5/16,18.775,3008
10/4/16,18.625,4556
10/3/16,18.875,3197
9/30/16,19.05,4182
9/29/16,19.125,5864
9/28/16,18.975,3213
9/27/16,19.1,5342
9/26/16,19.475,3884
9/23/16,19.35,3525
9/22/16,19.275,6621
9/21/16,19.275,13245
9/20/16,19.775,7891
9/19/16,19.625,8048
9/16/16,19.825,5587
9/15/16,20.125,8362
9/14/16,20.475,8573
9/13/16,20.075,12186
9/12/16,19.625,12296
9/9/16,20.15,9530
9/8/16,19.025,2714
9/7/16,18.875,2407
9/6/16,18.925,3716
9/2/16,19.225,4620
9/1/16,19.325,3609
8/31/16,19.325,3301
8/30/16,19.375,2901
8/29/16,19.425,2461
8/26/16,19.525,4200
8/25/16,19.375,3097
8/24/16,19.525,3595
8/23/16,19.425,2197
8/22/16,19.325,2791
8/19/16,19.3,3071
8/18/16,19.175,3153
8/17/16,18.075,12021
8/16/16,18.225,9111
8/15/16,17.925,5023
8/12/16,17.975,8568
8/11/16,17.925,4833
8/10/16,17.875,7926
8/9/16,17.675,5105
8/8/16,17.925,5255
8/5/16,18.175,5507
8/4/16,18.375,4941
8/3/16,18.475,4563
8/2/16,18.675,6805
8/1/16,18.275,7948
7/29/16,18.375,7903
7/28/16,18.725,4754
7/27/16,19.025,6008
7/26/16,19.125,4215
7/25/16,19.175,4127
7/22/16,19.075,5824
7/21/16,19.325,4974
7/20/16,18.825,9210
7/19/16,18.95,7042
7/18/16,18.875,6295
7/15/16,19.175,5701
7/14/16,18.975,6182
7/13/16,19.075,4260
7/12/16,19.125,5176
7/11/16,19.475,3430
7/8/16,19.525,4163
7/7/16,20,3885
7/6/16,20.025,6094
7/5/16,20.225,5877
7/1/16,20.2,4570
6/30/16,20.05,4982
6/29/16,20.15,5316
6/28/16,20.725,8164
6/27/16,22.825,9151
6/24/16,21.9,16247
6/23/16,19.225,10002
6/22/16,20.25,8388
6/21/16,20.375,5652
6/20/16,20.425,6414
6/17/16,21.225,5119
6/16/16,21.125,7525
6/15/16,21.475,15075
6/14/16,21.725,15139
6/13/16,22.025,13953
6/10/16,20.725,9402
6/9/16,20.075,8066
6/8/16,19.675,5930
6/7/16,19.575,4923
6/6/16,19.475,4813
6/3/16,19.475,5056
6/2/16,19.475,3381
6/1/16,19.625,4217
5/31/16,19.6,5160
5/27/16,19.675,3136
5/26/16,19.825,2980
5/25/16,19.975,4234
5/24/16,20.125,5616
5/23/16,20.675,6736
5/20/16,20.825,6255
5/19/16,20.975,5917
5/18/16,20.575,13214
5/17/16,20.475,9154
5/16/16,19.875,6339
5/13/16,20.375,7085
5/12/16,20.025,7280
5/11/16,20.275,5297
5/10/16,19.775,6473
5/9/16,20.325,7531
5/6/16,20.475,6073
5/5/16,20.875,3565
5/4/16,20.825,5043
5/3/16,20.625,5027
5/2/16,20.125,4642
4/29/16,20.525,6954
4/28/16,20.175,5696
4/27/16,19.625,4193
4/26/16,19.925,3181
4/25/16,20.025,4249
4/22/16,19.925,3984
4/21/16,20.225,5635
4/20/16,19.125,10926
4/19/16,18.925,7293
4/18/16,18.725,6054
4/15/16,19.525,5040
4/14/16,19.6,4417
4/13/16,19.675,10473
4/12/16,20.125,7243
4/11/16,20.425,4322
4/8/16,20.075,5362
4/7/16,20.225,5349
4/6/16,19.225,4858
4/5/16,19.775,5207
4/4/16,19.225,2986
4/1/16,18.925,4416
3/31/16,19.275,4182
3/30/16,19.275,5803
3/29/16,19.575,4453
3/28/16,20.225,3609
3/24/16,20.425,3962
3/23/16,20.525,3927
3/22/16,19.925,3057
3/21/16,19.925,3015
3/18/16,20.25,3311
3/17/16,20.275,5813
3/16/16,20.35,10483
3/15/16,20.725,5088
3/14/16,20.425,3589
3/11/16,20.7,4237
3/10/16,21.175,4276
3/9/16,21.3,2740
3/8/16,21.575,3242
3/7/16,21.025,3030
3/4/16,21.175,4202
3/3/16,20.825,4274
3/2/16,21.4,4859
3/1/16,21.525,5061
2/29/16,22.775,3206
2/26/16,22.475,4128
2/25/16,22.275,3058
2/24/16,22.625,4095
2/23/16,22.875,3672
2/22/16,22.3,3697
2/19/16,23.05,5074
2/18/16,23.325,4540
2/17/16,23.075,7618
2/16/16,23.675,7712
2/12/16,24.375,5533
2/11/16,24.475,10578
2/10/16,23.475,5089
2/9/16,23.475,6092
2/8/16,23.05,5364
2/5/16,22.6,4791
2/4/16,22.175,4177
2/3/16,21.875,5072
2/2/16,21.975,4409
2/1/16,21.175,3107
1/29/16,21.325,4566
1/28/16,22.125,3605
1/27/16,22.45,4884
1/26/16,21.95,3395
1/25/16,22.575,3953
1/22/16,21.925,5402
1/21/16,23.225,4651
1/20/16,23.225,10095
1/19/16,22.95,10895
1/15/16,23.075,12382
1/14/16,21.725,6904
1/13/16,22.275,6175
1/12/16,20.825,5620
1/11/16,21.625,9108
1/8/16,21.925,5917
1/7/16,21.075,11678
1/6/16,19.975,3695
1/5/16,19.6,3617
1/4/16,19.925,7571
12/31/15,19.5,2659
12/30/15,19.475,1868
12/29/15,18.975,3160
12/28/15,19.225,3656
12/24/15,19.675,950
12/23/15,19.575,3294
12/22/15,19.5,3102
12/21/15,20.075,2240
12/18/15,20.925,4270
12/17/15,20.225,3933
12/16/15,19.325,7691
12/15/15,19.675,6529
12/14/15,20.65,10295
12/11/15,21.55,10651
12/10/15,20.025,4426
12/9/15,19.775,5438
12/8/15,19.425,4481
12/7/15,18.925,3438
12/4/15,18.875,6714
12/3/15,19.625,6518
12/2/15,19.025,5865
12/1/15,18.725,3561
11/30/15,19.225,2637
11/27/15,19.475,1838
11/25/15,19.4,2255
11/24/15,19.625,3848
11/23/15,19.275,4379
11/20/15,19.625,2273
11/19/15,19.825,4008
11/18/15,18.975,5145
11/17/15,19.4,6193
11/16/15,19.075,6395
11/13/15,20.525,6695
11/12/15,19.725,6085
11/11/15,18.775,2331
11/10/15,18.525,3378
11/9/15,18.775,4768
11/6/15,18.3,4329
11/5/15,18.525,2842
11/4/15,18.875,3745
11/3/15,18.525,3286
11/2/15,18.325,2810
10/30/15,18.875,3661
10/29/15,18.625,2674
10/28/15,18.425,4882
10/27/15,18.725,5994
10/26/15,19.025,4868
10/23/15,18.725,6029
10/22/15,18.425,4426
10/21/15,19.575,6905
10/20/15,18.875,6355
10/19/15,18.175,5018
10/16/15,18.975,5749
10/15/15,18.925,5395
10/14/15,20.05,4340
10/13/15,19.775,4638
10/12/15,18.8,4567
10/9/15,19.675,3254
10/8/15,19.65,3944
10/7/15,20.025,2843
10/6/15,20.6,2937
10/5/15,20.225,5744
10/2/15,21.075,4169
10/1/15,21.75,2759
9/30/15,22.175,3905
9/29/15,22.475,6255
9/28/15,22.325,6119
9/25/15,21.725,4658
9/24/15,21.375,5202
9/23/15,20.925,3752
9/22/15,21.275,5844
9/21/15,20.425,4353
9/18/15,21.2,6622
9/17/15,20.45,8587
9/16/15,19.625,14203
9/15/15,20.925,12521
9/14/15,22.475,6083
9/11/15,22.525,2720
9/10/15,22.675,3145
9/9/15,23.1,4199
9/8/15,22.8,3337
9/4/15,23.95,6287
9/3/15,23.1,8188
9/2/15,22.925,9190
9/1/15,23.95,11835
8/31/15,22.225,6754
8/28/15,21.2,8672
8/27/15,20.375,9652
8/26/15,20.125,9968
8/25/15,20.8,14838
8/24/15,20.65,26147
8/21/15,18.675,25722
8/20/15,18.125,10858
8/19/15,16.975,10753
8/18/15,16.775,6229
8/17/15,16.55,6608
8/14/15,16.575,12438
8/13/15,16.65,7646
8/12/15,16.725,13202
8/11/15,16.825,7350
8/10/15,16.5,7760
8/7/15,16.625,7437
8/6/15,16.825,10335
8/5/15,16.675,4565
8/4/15,16.725,6049
8/3/15,16.625,6758
7/31/15,16.825,4753
7/30/15,16.825,4278
7/29/15,16.875,6001
7/28/15,16.825,6371
7/27/15,17.25,6225
7/24/15,17.075,6114
7/23/15,16.875,7366
7/22/15,16.575,7430
7/21/15,16.475,7377
7/20/15,16.4,6134
7/17/15,16.575,6453
7/16/15,16.575,7001
7/15/15,16.95,10885
7/14/15,17.125,7986
7/13/15,17.025,8777
7/10/15,18.025,7848
7/9/15,18.725,6151
7/8/15,18.425,9637
7/7/15,17.675,11484
7/6/15,18.075,7778
7/2/15,17.775,8392
7/1/15,17.225,9750
6/30/15,18.125,15025
6/29/15,18.175,12656
6/26/15,17.175,5409
6/25/15,17.275,4219
6/24/15,17.325,3778
6/23/15,17.175,3710
6/22/15,17.325,4503
6/19/15,17.825,3425
6/18/15,17.625,5964
6/17/15,17.525,11162
6/16/15,17.525,9963
6/15/15,17.725,10960
6/12/15,17.425,11308
6/11/15,17.275,6008
6/10/15,17.425,5039
6/9/15,17.875,3324
6/8/15,17.925,3223
6/5/15,17.775,5504
6/4/15,17.775,5504
6/3/15,17.475,4044
6/2/15,17.725,5570
6/1/15,17.475,3613
5/29/15,17.525,5291
5/28/15,17.475,2792
5/27/15,17.425,3200
5/26/15,17.575,7032
5/22/15,17.525,3484
5/21/15,17.325,3651
5/20/15,17.125,6727
5/19/15,17.075,6667
5/18/15,17.225,7856
5/15/15,17.575,10996
5/14/15,17.725,4423
5/13/15,17.825,3442
5/12/15,17.975,4533
5/11/15,18.125,3461
5/8/15,17.825,7716
5/7/15,18.075,4733
5/6/15,18.225,6947
5/5/15,18.125,6229
5/4/15,17.825,3238
5/1/15,17.875,4783
4/30/15,18.325,6346
4/29/15,18.225,4904
4/28/15,17.825,5377
4/27/15,18.225,4050
4/24/15,18.025,2471
4/23/15,18.025,3204
4/22/15,18.125,3831
4/21/15,18.225,4107
4/20/15,18.275,5126
4/17/15,18.525,7968
4/16/15,18.225,5624
4/15/15,17.775,8966
4/14/15,17.925,9961
4/13/15,17.975,8000
4/10/15,17.6,11969
4/9/15,18.125,6144
4/8/15,18.475,8392
4/7/15,18.475,4501
4/6/15,18.525,4637
4/3/15,18.875,100
4/2/15,18.875,7151
4/1/15,18.925,5815
3/31/15,18.875,5176
3/30/15,18.675,6185
3/27/15,18.775,3881
3/26/15,18.775,7618
3/25/15,18.925,5009
3/24/15,18.575,3755
3/23/15,18.575,3778
3/20/15,18.575,7846
3/19/15,18.625,3556
3/18/15,18.175,10469
3/17/15,18.525,5983
3/16/15,18.525,6303
3/13/15,18.775,9651
3/12/15,18.525,3743
3/11/15,19.175,4529
3/10/15,18.95,6887
3/9/15,18.375,7079
3/6/15,18.425,7020
3/5/15,18.1,4981
3/4/15,18.3,4918
3/3/15,18.375,4258
3/2/15,18.175,4102
2/27/15,18.525,5578
2/26/15,18.625,3597
2/25/15,18.875,7123
2/24/15,18.675,7083
2/23/15,19.275,3108
2/20/15,19.225,4891
2/19/15,19.625,3117
2/18/15,19.225,7475
2/17/15,19.375,9545
2/13/15,19.125,6987
2/12/15,19.375,8643
2/11/15,19.875,5641
2/10/15,19.95,6036
2/9/15,20.425,5982
2/6/15,20.075,9968
2/5/15,19.825,5497
2/4/15,20.275,5159
2/3/15,19.775,7920
2/2/15,20.025,9260
1/30/15,20.475,8105
1/29/15,19.625,7209
1/28/15,20.625,5941
1/27/15,19.125,7683
1/26/15,18.875,8634
1/23/15,19.375,7866
1/22/15,19.075,8686
1/21/15,19.475,12182
1/20/15,20.225,11499
1/16/15,20.175,10249
1/15/15,20.325,6866
1/14/15,19.825,12541
1/13/15,19.825,9592
1/12/15,19.625,7282
1/9/15,19.275,7767
1/8/15,18.525,5045
1/7/15,19.325,5842
1/6/15,19.95,9694
1/5/15,19.775,9737
1/2/15,19.075,7607
12/31/14,18.875,4727
12/30/14,18.175,3859
12/29/14,18.025,3877
12/26/14,17.975,2348
12/24/14,18.225,3021
12/23/14,18.075,4566
12/22/14,18.025,4221
12/19/14,18.15,9410
12/18/14,18.4,10015
12/17/14,18.7,23703
12/16/14,20.25,19233
12/15/14,19.7,20216
12/12/14,19.85,21356
12/11/14,19.65,19176
12/10/14,18.75,10293
12/9/14,17.8,7169
12/8/14,17.85,5893
12/5/14,17.4,5000
12/4/14,17.35,3356
12/3/14,17.5,5230
12/2/14,17.45,8472
12/1/14,18.25,6975
11/28/14,17.75,4286
11/26/14,17.65,5016
11/25/14,17.75,5892
11/24/14,17.7,4334
11/21/14,17.7,5077
11/20/14,17.7,3907
11/19/14,17.35,7111
11/18/14,17.15,9666
11/17/14,17.1,5743
11/14/14,17.1,4396
11/13/14,17.35,10167
11/12/14,17,3867
11/11/14,16.8,4369
11/10/14,16.95,6321
11/7/14,17.4,6266
11/6/14,17.35,7893
11/5/14,17.75,3960
11/4/14,17.95,5416
11/3/14,17.9,5785
10/31/14,17.75,6160
10/30/14,17.8,6111
10/29/14,17.7,8137
10/28/14,17.5,6327
10/27/14,18.15,7910
10/24/14,18.35,5879
10/23/14,18.55,7632
10/22/14,19.05,13176
10/21/14,18.35,18827
10/20/14,19.1,13997
10/17/14,19.55,12260
10/16/14,20.35,17814
10/15/14,20.9,31052
10/14/14,19.6,27893
10/13/14,20.25,22573
10/10/14,19.15,21216
10/9/14,18.1,16791
10/8/14,17.3,10179
10/7/14,18.35,14185
10/6/14,17.65,6686
10/3/14,17.35,11757
10/2/14,18.15,13280
10/1/14,18.3,9847
9/30/14,17.9,4056
9/29/14,17.8,8295
9/26/14,17.35,7136
9/25/14,17.4,8056
9/24/14,17.05,5848
9/23/14,17.35,6963
9/22/14,16.95,7262
9/19/14,16.7,5468
9/18/14,16.65,6574
9/17/14,16.65,6930
9/16/14,16.2,13513
9/15/14,16.6,7848
9/12/14,16.3,13057
9/11/14,16.15,5834
9/10/14,16.1,6196
9/9/14,16.1,7640
9/8/14,16,4041
9/5/14,16,6489
9/4/14,16.25,6296
9/3/14,16.3,3594
9/2/14,16.4,5569
8/29/14,16.3,4780
8/28/14,16.3,8550
8/27/14,16.3,5488
8/26/14,16.15,4528
8/25/14,15.95,3800
8/22/14,16,5712
8/21/14,16,4537
8/20/14,15.9,7969
8/19/14,15.1,16734
8/18/14,15.2,16164
8/15/14,15.6,27365
8/14/14,15.65,10643
8/13/14,16,7936
8/12/14,16.45,8911
8/11/14,16.5,16688
8/8/14,17.1,16365
8/7/14,17.4,14860
8/6/14,17.05,14287
8/5/14,16.85,15966
8/4/14,16.25,12816
8/1/14,16.7,26227
7/31/14,16.2,18582
7/30/14,15.5,12165
7/29/14,15.45,8758
7/28/14,15.5,6738
7/25/14,15.65,11241
7/24/14,15.5,6317
7/23/14,15.45,4927
7/22/14,15.3,7572
7/21/14,15.35,8624
7/18/14,15.25,11090
7/17/14,15.55,25200
7/16/14,15.3,12421
7/15/14,14.9,14479
7/14/14,14.85,8078
7/11/14,15.15,6635
7/10/14,15.3,13316
7/9/14,15.15,12853
7/8/14,15.3,9248
7/7/14,15.3,5754
7/3/14,15.05,7007
7/2/14,15.2,5420
7/1/14,15.35,8147
6/30/14,15.6,7624
6/27/14,15.8,4560
6/26/14,15.75,7703
6/25/14,15.9,8240
6/24/14,16.15,5951
6/23/14,16,5841
6/20/14,16.15,6450
6/19/14,16.05,10902
6/18/14,16.05,8440
6/17/14,15.95,11436
6/16/14,16.1,8321
6/13/14,16.2,14127
6/12/14,16.4,13525
6/11/14,16.05,8419
6/10/14,15.9,5046
6/9/14,15.95,6672
6/6/14,15.8,15795
6/5/14,16.4,9098
6/4/14,16.65,4704
6/3/14,16.85,3704
6/2/14,16.9,5327
5/30/14,16.9,4379
5/29/14,16.75,3853
5/28/14,16.75,4617
5/27/14,16.6,7222
5/23/14,16.85,6810
5/22/14,16.8,6421
5/21/14,16.7,9243
5/20/14,16.35,14898
5/19/14,16.3,7409
5/16/14,16.55,8571
5/15/14,16.65,22047
5/14/14,16.65,7015
5/13/14,16.6,4600
5/12/14,16.6,7551
5/9/14,16.75,8579
5/8/14,17,6350
5/7/14,17,5783
5/6/14,17.2,4822
5/5/14,17.1,4953
5/2/14,17.3,7232
5/1/14,17.15,5824
4/30/14,17.15,5330
4/29/14,17.15,3550
4/28/14,17.3,5746
4/25/14,17.5,5557
4/24/14,17.45,7107
4/23/14,17.5,6385
4/22/14,17.4,9624
4/21/14,17.45,3644
4/17/14,17.45,8604
4/16/14,17.45,10143
4/15/14,17.4,19407
4/14/14,17.5,10851
4/11/14,17.5,19680
4/10/14,17.3,9449
4/9/14,16.95,7183
4/8/14,17.1,6320
4/7/14,17.3,10542
4/4/14,17.1,9059
4/3/14,16.95,2982
4/2/14,17.15,5861
4/1/14,17.05,6039
3/31/14,17.35,4752
3/28/14,17.65,5339
3/27/14,17.8,6529
3/26/14,17.9,5507
3/25/14,17.7,6974
3/24/14,17.65,5520
3/21/14,17.65,10517
3/20/14,17.55,5860
3/19/14,17.7,7099
3/18/14,17.6,7529
3/17/14,17.45,12876
3/14/14,18.05,22658
3/13/14,17.95,15482
3/12/14,17.7,11331
3/11/14,17.7,9045
3/10/14,17.55,9066
3/7/14,17.55,9154
3/6/14,17.4,7268
3/5/14,17.5,7952
3/4/14,17.5,11105
3/3/14,17.95,14227
2/28/14,17.5,11404
2/27/14,17.4,6415
2/26/14,17.35,11523
2/25/14,17.05,4770
2/24/14,17.1,4656
2/21/14,17.1,6624
2/20/14,17.1,6964
2/19/14,17.3,10431
2/18/14,16.4,9628
2/14/14,16.7,9858
2/13/14,16.8,9945
2/12/14,16.9,8756
2/11/14,16.9,10221
2/10/14,17.35,10299
2/7/14,17.4,12848
2/6/14,18.15,14278
2/5/14,19.25,17963
2/4/14,18.8,16262
2/3/14,18.7,21089
1/31/14,17.85,17168
1/30/14,17.7,12900
1/29/14,17.5,19794
1/28/14,17.1,11120
1/27/14,17.6,18378
1/24/14,17.7,20258
1/23/14,16.9,8827
1/22/14,16.75,8999
1/21/14,16.6,14460
1/17/14,16.7,8308
1/16/14,16.6,10449
1/15/14,16.55,6455
1/14/14,16.5,6072
1/13/14,16.65,11038
1/10/14,16.4,9095
1/9/14,16.5,7355
1/8/14,16.4,5425
1/7/14,16.4,4709
1/6/14,16.7,6439
1/3/14,16.95,4545
1/2/14,17,7573
12/31/13,16.8,5014
12/30/13,16.95,2449
12/27/13,16.85,2991
12/26/13,16.75,4382
12/24/13,16.75,2956
12/23/13,17.15,3707
12/20/13,17.45,6673
12/19/13,17.55,8242
12/18/13,17.35,12252
12/17/13,17.55,10345
12/16/13,17.75,9050
12/13/13,17.65,6338
12/12/13,17.6,15195
12/11/13,17.55,7673
12/10/13,17.1,5798
12/9/13,17.05,5181
12/6/13,17.25,5149
12/5/13,17.6,6606
12/4/13,17.6,7853
12/3/13,17.7,6997
12/2/13,17.6,8428
11/29/13,17.7,1437
11/27/13,17.7,3325
11/26/13,17.65,6241
11/25/13,17.7,7073
11/22/13,17.8,5132
11/21/13,18,6881
11/20/13,18.45,6473
11/19/13,18.2,11798
11/18/13,18.1,4929
11/15/13,18.2,10930
11/14/13,18.25,5066
11/13/13,18.25,6693
11/12/13,18.1,5535
11/11/13,18.05,5464
11/8/13,17.9,5756
11/7/13,18.25,6177
11/6/13,17.95,6622
11/5/13,18.15,3465
11/4/13,18.05,4246
11/1/13,18.35,3876
10/31/13,18.25,4358
10/30/13,18.2,7260
10/29/13,18.15,5091
10/28/13,18.15,7063
10/25/13,18.05,4468
10/24/13,17.9,5868
10/23/13,18,6756
10/22/13,17.85,7336
10/21/13,17.75,7095
10/18/13,17.75,10015
10/17/13,17.9,11246
10/16/13,18.5,10705
10/15/13,18.65,15223
10/14/13,18.35,11330
10/11/13,18.25,12039
10/10/13,18.8,13597
10/9/13,19.85,16927
10/8/13,19.95,17231
10/7/13,19.25,9213
10/4/13,18.7,8555
10/3/13,18.85,11347
10/2/13,18.6,7184
10/1/13,18.35,8705
9/30/13,18.65,8810
9/27/13,18.35,6585
9/26/13,18.1,4106
9/25/13,18.35,5076
9/24/13,18.35,5527
9/23/13,18.45,6126
9/20/13,18.3,14224
9/19/13,17.8,7970
9/18/13,17.75,6669
9/17/13,17.55,5147
9/16/13,17.7,7889
9/13/13,17.9,9683
9/12/13,17.9,5126
9/11/13,17.85,6436
9/10/13,18.2,7713
9/9/13,18.6,6308
9/6/13,19.1,9345
9/5/13,19.05,4888
9/4/13,19.05,6779
9/3/13,19.15,8174
8/30/13,19.6,7980
8/29/13,19.45,6039
8/28/13,19.35,7731
8/27/13,19.35,13693
8/26/13,18.4,10158
8/23/13,18,5382
8/22/13,18.1,8989
8/21/13,18.65,12870
8/20/13,17.95,10925
8/19/13,18.2,8811
8/16/13,18,13093
8/15/13,18.15,17369
8/14/13,17.75,7654
8/13/13,17.5,5719
8/12/13,17.35,5986
8/9/13,17.35,5182
8/8/13,17.15,7130
8/7/13,17.25,6744
8/6/13,17.2,7669
8/5/13,16.85,5644
8/2/13,17.05,7725
8/1/13,17.35,8112
7/31/13,17.65,6212
7/30/13,17.95,4779
7/29/13,18.15,4772
7/26/13,18.1,4857
7/25/13,18.25,4869
7/24/13,18.45,7343
7/23/13,18.45,5891
7/22/13,18.55,3280
7/19/13,18.75,7786
7/18/13,18.8,4604
7/17/13,18.9,7547
7/16/13,18.9,11484
7/15/13,18.3,5698
7/12/13,18.65,6555
7/11/13,18.5,5888
7/10/13,18.85,6506
7/9/13,19.05,8923
7/8/13,19.25,9044
7/5/13,19.95,5811
7/3/13,20.45,3667
7/2/13,20.5,3949
7/1/13,20.4,5646
6/28/13,20.7,6869
6/27/13,20.8,6717
6/26/13,21.1,6409
6/25/13,21.15,7575
6/24/13,21.2,11722
6/21/13,20.6,14559
6/20/13,20.65,15602
6/19/13,20,7784
6/18/13,19.55,6655
6/17/13,19.6,7633
6/14/13,19.85,10971
6/13/13,19.4,10374
6/12/13,19.75,9543
6/11/13,19.2,7103
6/10/13,18.6,3873
6/7/13,18.85,4238
6/6/13,19.05,11726
6/5/13,19.15,8829
6/4/13,18.9,4284
6/3/13,18.85,11686
5/31/13,18.8,5259
5/30/13,18.35,6608
5/29/13,18.25,8488
5/28/13,18.25,7376
5/24/13,18.4,3322
5/23/13,18.4,7318
5/22/13,18.25,8039
5/21/13,17.8,6428
5/20/13,17.6,6494
5/17/13,17.4,8340
5/16/13,17.6,5212
5/15/13,17.45,4199
5/14/13,17.35,3172
5/13/13,17.4,4395
5/10/13,17.3,5140
5/9/13,17.2,5149
5/8/13,16.95,5373
5/7/13,16.85,4562
5/6/13,17,6818
5/3/13,17.25,6770
5/2/13,17.5,5561
5/1/13,17.65,5732
4/30/13,17.25,7123
4/29/13,17.4,6520
4/26/13,17.5,4923
4/25/13,17.45,4337
4/24/13,17.45,5668
4/23/13,17.45,8839
4/22/13,18.1,14236
4/19/13,18.75,14042
4/18/13,18.6,9741
4/17/13,18,15271
4/16/13,17,17378
4/15/13,18,19587
4/12/13,16.7,6517
4/11/13,16.95,5392
4/10/13,17.1,5347
4/9/13,17.3,6246
4/8/13,17.45,6331
4/5/13,17.9,6092
4/4/13,17.85,6920
4/3/13,17.9,6172
4/2/13,17.75,4432
4/1/13,18.1,3899
3/28/13,17.85,2755
3/27/13,17.8,5180
3/26/13,17.75,4858
3/25/13,17.85,8371
3/22/13,18.2,4970
3/21/13,18.1,11294
3/20/13,18.1,6080
3/19/13,17.65,12341
3/18/13,17.65,7191
3/15/13,17.35,7066
3/14/13,17.25,7161
3/13/13,17.4,6202
3/12/13,17.3,7881
3/11/13,17.15,9177
3/8/13,17.3,6456
3/7/13,17.4,5732
3/6/13,17.45,5772
3/5/13,17.4,5966
3/4/13,17.75,8300
3/1/13,18.05,7098
2/28/13,17.95,6929
2/27/13,17.65,8677
2/26/13,18.35,15269
2/25/13,18.3,17013
2/22/13,17.7,8202
2/21/13,17.95,10960
2/20/13,17.8,10553
2/19/13,17.3,4407
2/15/13,17.75,4449
2/14/13,17.7,5071
2/13/13,17.65,5958
2/12/13,17,7469
2/11/13,17.1,5271
2/8/13,17.35,5633
2/7/13,17.55,6935
2/6/13,17.65,5838
2/5/13,17.8,5466
2/4/13,17.9,6492
2/1/13,17.75,8342
1/31/13,17.8,6059
1/30/13,17.7,6962
1/29/13,17.35,5838
1/28/13,17.55,5571
1/25/13,17.45,5294
1/24/13,17.55,7517
1/23/13,17.6,10454
1/22/13,17.8,8952
1/18/13,18.5,9649
1/17/13,19.1,5362
1/16/13,19.35,5469
1/15/13,18.9,5112
1/14/13,18.8,6828
1/11/13,19.1,6049
1/10/13,19.05,4961
1/9/13,19.45,10594
1/8/13,19.45,6767
1/7/13,19.6,6707
1/4/13,19.55,7268
1/3/13,19.6,6694
1/2/13,19.55,9974
12/31/12,21,12058
12/28/12,22.15,6152
12/27/12,21,8818
12/26/12,21.4,4043
12/24/12,21.05,3247
12/21/12,21.15,7591
12/20/12,20.45,5322
12/19/12,20.35,10844
12/18/12,19.1,9796
12/17/12,19.55,8217
12/14/12,20.3,5684
12/13/12,20.3,3960
12/12/12,19.95,7551
12/11/12,19.7,8088
12/10/12,20,3655
12/7/12,20.2,5248
12/6/12,20.45,3161
12/5/12,20.4,7206
12/4/12,20.95,4133
12/3/12,20.9,4861
11/30/12,20.4,4805
11/29/12,20.3,3113
11/28/12,20.7,5188
11/27/12,20.9,3508
11/26/12,20.75,4263
11/23/12,20.9,3115
11/21/12,21.25,3349
11/20/12,20.05,7129
11/19/12,20.45,6701
11/16/12,21.4,8268
11/15/12,22,9260
11/14/12,21.95,9026
11/13/12,21.45,6490
11/12/12,21.5,4163
11/9/12,22.3,5968
11/8/12,21.85,6899
11/7/12,21.7,9264
11/6/12,21.05,6643
11/5/12,21.7,4981
11/2/12,21.5,7011
11/1/12,20.9,7741
10/31/12,21.95,8400
10/30/12,21.7,100
10/29/12,21.7,100
10/26/12,21.7,4287
10/25/12,21.7,5365
10/24/12,21.8,6860
10/23/12,22.05,8100
10/22/12,21.6,6234
10/19/12,21.8,6273
10/18/12,21.3,4034
10/17/12,21.25,5748
10/16/12,20.35,4528
10/15/12,20.75,5622
10/12/12,21,9176
10/11/12,21.15,5151
10/10/12,21.55,6216
10/9/12,21.4,4279
10/8/12,21.15,3808
10/5/12,21.15,4276
10/4/12,21.25,4434
10/3/12,21.8,7538
10/2/12,22.05,5006
10/1/12,22.2,5545
9/28/12,22.15,4395
9/27/12,22.05,6854
9/26/12,22.6,4829
9/25/12,22.4,5980
9/24/12,22.15,3364
9/21/12,22.35,4556
9/20/12,22.2,3117
9/19/12,22.2,4892
9/18/12,20.95,7023
9/17/12,21.4,8717
9/14/12,21.6,12750
9/13/12,21.5,10100
9/12/12,22.65,8884
9/11/12,23.4,7217
9/10/12,23.65,4663
9/7/12,23.25,7741
9/6/12,24.05,5746
9/5/12,25.1,3957
9/4/12,25.55,4246
8/31/12,25.6,3594
8/30/12,26.05,4655
8/29/12,25.8,3835
8/28/12,25.75,3264
8/27/12,25.65,3207
8/24/12,25.85,4019
8/23/12,26,5483
8/22/12,25.65,9893
8/21/12,23.8,5034
8/20/12,23.4,3644
8/17/12,23.05,5243
8/16/12,23.35,3556
8/15/12,23.5,3927
8/14/12,23.45,3232
8/13/12,23.05,3638
8/10/12,23.2,1756
8/9/12,23.35,2205
8/8/12,23.5,3555
8/7/12,23.8,3562
8/6/12,23.65,3058
8/3/12,23.7,4767
8/2/12,24.6,4089
8/1/12,24.8,4187
7/31/12,24.6,2766
7/30/12,24.35,3043
7/27/12,24.15,3776
7/26/12,24.05,3716
7/25/12,25.2,3493
7/24/12,25.5,4016
7/23/12,25.1,4605
7/20/12,24.15,4031
7/19/12,23.8,2530
7/18/12,23.95,3653
7/17/12,23.15,6991
7/16/12,23.75,3610
7/13/12,23.7,4970
7/12/12,24.25,4039
7/11/12,24.1,5507
7/10/12,24.4,4360
7/9/12,24.2,4222
7/6/12,24.3,3365
7/5/12,24.65,4895
7/3/12,24.3,5128
7/2/12,24.9,6676
6/29/12,25.45,4408
6/28/12,26.35,4820
6/27/12,26.7,3922
6/26/12,27,5519
6/25/12,27.45,3649
6/22/12,27.2,5689
6/21/12,27.55,6807
6/20/12,26.55,5179
6/19/12,26.65,4671
6/18/12,26.8,4980
6/15/12,27.45,4401
6/14/12,28.85,6330
6/13/12,29.95,6751
6/12/12,29.1,8256
6/11/12,29.45,5787
6/8/12,27.15,4291
6/7/12,28.45,5502
6/6/12,28.65,4032
6/5/12,29.55,4702
6/4/12,30.25,6017
6/1/12,30,5490
5/31/12,28.65,4438
5/30/12,28.2,2626
5/29/12,27.25,3737
5/25/12,27.75,5469
5/24/12,28.25,2738
5/23/12,28.2,4841
5/22/12,28.7,4640
5/21/12,28.35,6161
5/18/12,29.35,5274
5/17/12,28.35,7041
5/16/12,28.05,4110
5/15/12,26.7,5702
5/14/12,25.95,3135
5/11/12,25,2866
5/10/12,24.5,3334
5/9/12,25,3701
5/8/12,24.5,3619
5/7/12,24.2,3462
5/4/12,24.6,4598
5/3/12,24.1,2928
5/2/12,23.85,3420
5/1/12,24.15,2329
4/30/12,24.35,2442
4/27/12,24.2,2463
4/26/12,24.45,2821
4/25/12,24.7,4288
4/24/12,25.7,3651
4/23/12,25.9,2265
4/20/12,25.35,2581
4/19/12,25.8,2887
4/18/12,25.9,4183
4/17/12,24.7,3826
4/16/12,25.2,3712
4/13/12,25.5,4521
4/12/12,24.35,5972
4/11/12,25.95,3380
4/10/12,25.9,3613
4/9/12,24.9,3273
4/6/12,24.2,100
4/5/12,24.2,2845
4/4/12,23.75,3245
4/3/12,23.55,5932
4/2/12,23.55,3431
3/30/12,23.4,4877
3/29/12,24.1,3455
3/28/12,24.1,4497
3/27/12,24.4,4488
3/26/12,23.8,5600
3/23/12,25.2,3943
3/22/12,25.75,3061
3/21/12,25.2,5672
3/20/12,25.05,4561
3/19/12,25.2,3148
3/16/12,25.9,2928
3/15/12,25.95,2587
3/14/12,26.2,3252
3/13/12,25.75,2940
3/12/12,26.3,2673
3/9/12,26.75,2905
3/8/12,27.25,2888
3/7/12,27.6,3451
3/6/12,28.3,5112
3/5/12,27.95,3167
3/2/12,27.75,3112
3/1/12,27.05,3472
2/29/12,27.7,3464
2/28/12,27.85,3342
2/27/12,28.35,3456
2/24/12,28,2953
2/23/12,27.4,4563
2/22/12,27.65,2434
2/21/12,28.25,2347
2/17/12,27.95,2176
2/16/12,27.65,2315
2/15/12,28,2147
2/14/12,26.2,3322
2/13/12,25.75,2730
2/10/12,26.1,3631
2/9/12,25.6,3665
2/8/12,24.75,1615
2/7/12,24.5,1974
2/6/12,24.6,2346
2/3/12,25.15,2418
2/2/12,25.65,1304
2/1/12,26,1936
1/31/12,26.4,2898
1/30/12,26.25,2238
1/27/12,25.95,2360
1/26/12,26.3,3226
1/25/12,25.9,2752
1/24/12,26.2,1617
1/23/12,26.35,1558
1/20/12,26.8,1511
1/19/12,27.25,1190
1/18/12,27.5,1758
1/17/12,27.3,2229
1/13/12,27.15,1768
1/12/12,26.75,2555
1/11/12,26.9,986
1/10/12,26.6,969
1/9/12,26.9,808
1/6/12,27,1068
1/5/12,27.4,1243
1/4/12,27.6,1568
1/3/12,27.85,1438
12/30/11,28.7,928
12/29/11,28.45,995
12/28/11,28.9,751
12/27/11,28.3,885
12/23/11,28.55,1367
12/22/11,28.5,1566
12/21/11,28.45,2007
12/20/11,29.45,1563
12/19/11,30.7,1044
12/16/11,30.95,1075
12/15/11,31.05,727
12/14/11,31.7,1193
12/13/11,31.6,1774
12/12/11,31.35,4104
12/9/11,30.8,1886
12/8/11,31.7,1859
12/7/11,30.85,1676
12/6/11,30.5,709
12/5/11,30.55,606
12/2/11,30.95,981
12/1/11,31.05,1831
11/30/11,31.35,2002
11/29/11,32.9,1003
11/28/11,33.15,1786
11/25/11,34.7,329
11/23/11,34.1,1291
11/22/11,33.3,1415
11/21/11,33.5,727
11/18/11,33.2,1392
11/17/11,33.35,1427
11/16/11,32.35,990
11/15/11,31.45,1093
11/14/11,31.4,1370
11/11/11,31.1,816
11/10/11,31.85,5493
11/9/11,32.65,2515
11/8/11,29.65,1295
11/7/11,30.15,760
11/4/11,30.1,929
11/3/11,29.9,1547
11/2/11,30.55,984
11/1/11,31.05,2504
10/31/11,28.9,1407
10/28/11,27.2,1930
10/27/11,27.3,1577
10/26/11,29.9,1517
10/25/11,30.8,1373
10/24/11,29.85,766
10/21/11,30.6,872
10/20/11,31.85,1718
10/19/11,31.8,1234
10/18/11,30.8,2060
10/17/11,31.7,2684
10/14/11,30.15,1382
10/13/11,31.3,1128
10/12/11,31.35,1412
10/11/11,32.55,1311
10/10/11,32.65,1210
10/7/11,34.2,1494
10/6/11,34,936
10/5/11,34.35,2124
10/4/11,34.65,2703
10/3/11,35.6,1269
9/30/11,34.7,1251
9/29/11,33.25,1292
9/28/11,33.65,1360
9/27/11,32.65,1387
9/26/11,32.95,1089
9/23/11,33.6,1795
9/22/11,33.4,3523
9/21/11,32.2,1784
9/20/11,31.3,2303
9/19/11,31.45,2676
9/16/11,30.8,3826
9/15/11,31,1724
9/14/11,31.75,2521
9/13/11,32.2,2622
9/12/11,32.25,2015
9/9/11,31.85,2188
9/8/11,30.7,2116
9/7/11,30.25,1318
9/6/11,31,2664
9/2/11,30.4,2252
9/1/11,29.95,3465
8/31/11,29.7,2540
8/30/11,30.35,1350
8/29/11,29.55,1239
8/26/11,30.45,2232
8/25/11,30.85,1810
8/24/11,30.3,2555
8/23/11,29.9,3908
8/22/11,30.05,2267
8/19/11,29.7,2238
8/18/11,28.85,2366
8/17/11,26.1,1192
8/16/11,24.75,4790
8/15/11,24.5,4095
8/12/11,25.4,3187
8/11/11,25.55,8237
8/10/11,26.3,3941
8/9/11,24.05,10248
8/8/11,26.05,11182
8/5/11,24.25,9022
8/4/11,24.05,12773
8/3/11,22.15,5446
8/2/11,22.35,3322
8/1/11,21.5,3745
7/29/11,22.05,4387
7/28/11,22.6,2244
7/27/11,22.7,2958
7/26/11,22.1,2165
7/25/11,21.95,2139
7/22/11,21.65,2315
7/21/11,21.7,1979
7/20/11,22.25,2454
7/19/11,22.3,3219
7/18/11,23,2405
7/15/11,22.55,2587
7/14/11,22.9,4966
7/13/11,22.55,1344
7/12/11,22.55,1768
7/11/11,22.05,3758
7/8/11,21.2,2165
7/7/11,20.9,2317
7/6/11,21.45,1674
7/5/11,21.6,1328
7/1/11,21.55,4023
6/30/11,22.55,2351
6/29/11,23.05,4654
6/28/11,23.4,1222
6/27/11,23.75,1780
6/24/11,24,1351
6/23/11,23.55,3205
6/22/11,23.65,2689
6/21/11,23.3,2340
6/20/11,23.55,1751
6/17/11,24.05,2898
6/16/11,24.25,4910
6/15/11,23.45,3252
6/14/11,22.05,2881
6/13/11,22.75,1446
6/10/11,22.7,2985
6/9/11,22.2,1194
6/8/11,22.65,3059
6/7/11,22.5,2381
6/6/11,22.7,1654
6/3/11,22.55,1145
6/2/11,22.4,1399
6/1/11,22.5,1741
5/31/11,21.9,1064
5/27/11,22.3,2282
5/26/11,22.75,1018
5/25/11,23.2,1833
5/24/11,23.45,2535
5/23/11,23.55,2180
5/20/11,23.3,3790
5/19/11,22.65,3739
5/18/11,22.55,1374
5/17/11,22.1,2869
5/16/11,22.3,1513
5/13/11,22.15,2710
5/12/11,21.9,2120
5/11/11,22.05,1998
5/10/11,21.75,1551
5/9/11,22.15,1388
5/6/11,22.55,2913
5/5/11,22.7,1630
5/4/11,22.55,2139
5/3/11,22.45,1967
5/2/11,22.15,1890
4/29/11,21.65,1733
4/28/11,22,2307
4/27/11,22.3,3820
4/26/11,22.5,2936
4/25/11,22.65,937
4/21/11,22.9,3473
4/20/11,23.05,2102
4/19/11,22.75,1405
4/18/11,23.1,1684
4/15/11,22.7,2548
4/14/11,22.85,1210
4/13/11,22.85,1935
4/12/11,23.05,2168
4/11/11,22.9,2067
4/8/11,22.8,1586
4/7/11,22.45,1193
4/6/11,22.25,1459
4/5/11,22.2,701
4/4/11,22.15,1112
4/1/11,22.4,1644
3/31/11,22.4,989
3/30/11,22.35,1344
3/29/11,22.65,1418
3/28/11,23,1403
3/25/11,22.9,12665
3/24/11,22.8,1541
3/23/11,23.05,1533
3/22/11,23.3,1683
3/21/11,23.2,2180
3/18/11,24.25,2465
3/17/11,25.05,1360
3/16/11,25.9,3688
3/15/11,24.75,4534
3/14/11,24.25,2243
3/11/11,24.05,2319
3/10/11,24.4,2992
3/9/11,23.75,2938
3/8/11,23.55,1687
3/7/11,23.65,2703
3/4/11,23.15,2227
3/3/11,22.85,1218
3/2/11,23.45,2063
3/1/11,23.45,2747
2/28/11,22.6,1629
2/25/11,23.1,1244
2/24/11,23.75,2308
2/23/11,23.8,3104
2/22/11,23.2,4202
2/18/11,21.95,2687
2/17/11,21.7,1521
2/16/11,21.4,1755
2/15/11,20.55,1336
2/14/11,20.4,475
2/11/11,20.45,1657
2/10/11,20.6,3297
2/9/11,20.8,2120
2/8/11,20.85,790
2/7/11,21.15,927
2/4/11,21.45,1272
2/3/11,21.8,1273
2/2/11,21.95,1020
2/1/11,21.95,1795
1/31/11,22.75,1419
1/28/11,23.2,1939
1/27/11,22.3,1670
1/26/11,22.6,1235
1/25/11,23.25,1400
1/24/11,23.4,725
1/21/11,23.7,751
1/20/11,23.75,733
1/19/11,23.8,1404
1/18/11,22.5,1060
1/14/11,22.95,1182
1/13/11,23.55,1217
1/12/11,23.65,1344
1/11/11,24.3,1214
1/10/11,24.55,932
1/7/11,24.6,977
1/6/11,24.5,451
1/5/11,24.5,806
1/4/11,24.8,853
1/3/11,24.95,1165
12/31/10,25.35,466
12/30/10,25.2,298
12/29/10,25.1,609
12/28/10,25.15,1323
12/27/10,25.1,1225
12/23/10,24.75,434
12/22/10,24.5,454
12/21/10,23.9,541
12/20/10,24.05,782
12/17/10,24.2,386
12/16/10,24.25,544
12/15/10,24.45,758
12/14/10,24.3,1123
12/13/10,24.25,865
12/10/10,24.25,921
12/9/10,24.7,785
12/8/10,25.05,1027
12/7/10,25.5,1693
12/6/10,25.6,715
12/3/10,25.85,723
12/2/10,26.4,1003
12/1/10,27.55,750
11/30/10,28.05,2086
11/29/10,27.15,931
11/26/10,27.2,433
11/24/10,26.4,567
11/23/10,26.85,756
11/22/10,26.25,1073
11/19/10,26.5,596
11/18/10,26.65,773
11/17/10,27.4,823
11/16/10,27.45,1426
11/15/10,26.75,727
11/12/10,27.1,1186
11/11/10,26.25,767
11/10/10,25.9,744
11/9/10,25.95,773
11/8/10,25.7,853
11/5/10,25.5,977
11/4/10,25.5,2554
11/3/10,26.45,1140
11/2/10,27.45,685
11/1/10,27.85,617
10/29/10,27.9,837
10/28/10,28,1236
10/27/10,28.1,1471
10/26/10,28.1,1251
10/25/10,28,696
10/22/10,28.35,781
10/21/10,28.9,1198
10/20/10,29.35,1292
10/19/10,29.05,1494
10/18/10,28.65,620
10/15/10,28.95,844
10/14/10,29.2,931
10/13/10,28.8,1101
10/12/10,29.5,782
10/11/10,29.95,763
10/8/10,30.5,537
10/7/10,30.75,551
10/6/10,30.75,471
10/5/10,30.7,446
10/4/10,31.4,508
10/1/10,31.05,580
9/30/10,31.35,574
9/29/10,30.95,393
9/28/10,30.65,484
9/27/10,30.65,254
9/24/10,30.6,313
9/23/10,31.15,1124
9/22/10,30.55,536
9/21/10,30.3,1132
9/20/10,30.3,1516
9/17/10,30.7,1574
9/16/10,30.55,753
9/15/10,30.55,1020
9/14/10,30.45,970
9/13/10,30.65,1763
9/10/10,31.2,586
9/9/10,31.4,515
9/8/10,31.7,795
9/7/10,32.1,712
9/3/10,31.7,948
9/2/10,32.3,641
9/1/10,32.5,701
8/31/10,33.2,543
8/30/10,33.2,392
8/27/10,32.45,542
8/26/10,33.55,686
8/25/10,33.05,660
8/24/10,33.75,381
8/23/10,33.05,277
8/20/10,32.75,176
8/19/10,32.95,367
8/18/10,32.25,621
8/17/10,30.8,404
8/16/10,31.05,674
8/13/10,31.25,264
8/12/10,30.7,446
8/11/10,30.45,543
8/10/10,29.05,343
8/9/10,28.65,520
8/6/10,28.85,369
8/5/10,28.75,203
8/4/10,28.55,384
8/3/10,28.65,291
8/2/10,28.4,176
7/30/10,29.35,108
7/29/10,29.5,524
7/28/10,29.5,326
7/27/10,29.75,362
7/26/10,29.95,676
7/23/10,31.05,249
7/22/10,31.3,584
7/21/10,32.1,420
7/20/10,32.45,452
7/19/10,33.45,282
7/16/10,33.7,424
7/15/10,32.45,311
7/14/10,32,290
7/13/10,31.45,260
7/12/10,31.9,284
7/9/10,32.15,206
7/8/10,32.35,265
7/7/10,32.85,304
7/6/10,34.4,326
7/2/10,34.85,394
7/1/10,34.95,480
6/30/10,34.8,1517
6/29/10,34.25,740
6/28/10,32,3229
6/25/10,31.5,209
6/24/10,31.45,163
6/23/10,30.7,127
6/22/10,30.3,187
6/21/10,29.6,411
6/18/10,29.5,272
6/17/10,29.9,171
6/16/10,30.2,74
6/15/10,30.45,431
6/14/10,31.6,120
6/11/10,31.8,251
6/10/10,32.1,490
6/9/10,33.05,283
6/8/10,32.75,390
6/7/10,33.05,169
6/4/10,32.55,399
6/3/10,31.2,427
6/2/10,31.5,301
6/1/10,32.15,189
5/28/10,31.6,247
5/27/10,31.4,527
5/26/10,33,621
5/25/10,33.3,4421
5/24/10,33.7,173
5/21/10,33.8,697
5/20/10,33.8,480
5/19/10,31.45,314
5/18/10,30.9,624
5/17/10,29.6,989
5/14/10,29.15,997
5/13/10,27.6,361
5/12/10,27.5,699
5/11/10,28.45,407
5/10/10,28.4,1023
5/7/10,31.1,1837
5/6/10,29.95,2066
5/5/10,27.4,1041
5/4/10,26.55,945
5/3/10,25.25,271
4/30/10,25.45,463
4/29/10,24.65,422
4/28/10,24.9,484
4/27/10,25.05,469
4/26/10,23.9,280
4/23/10,23.85,260
4/22/10,23.9,395
4/21/10,23.7,367
4/20/10,22.65,460
4/19/10,22.9,404
4/16/10,23,721
4/15/10,22.5,433
4/14/10,22.45,345
4/13/10,22.65,270
4/12/10,22.6,156
4/9/10,22.65,1034
4/8/10,22.75,634
4/7/10,22.8,281
4/6/10,22.6,380
4/5/10,22.75,142
4/1/10,23.35,320
3/31/10,23.3,140
3/30/10,23.3,121
3/29/10,23.35,156
3/26/10,23.5,197
3/25/10,23.6,304
3/24/10,23.4,266
3/23/10,23.2,59
3/22/10,23.35,100
3/19/10,23.45,180
3/18/10,23.25,341
3/17/10,23.4,141
3/16/10,23.3,256
3/15/10,23.65,118
3/12/10,23.55,519
3/11/10,23.65,174
3/10/10,23.45,271
3/9/10,23.2,129
3/8/10,23.25,172
3/5/10,23.25,302
3/4/10,23.7,207
3/3/10,23.7,186
3/2/10,23.9,238
3/1/10,24.05,134
2/26/10,24.2,73
2/25/10,24.3,150
2/24/10,24.25,124
2/23/10,24.45,217
2/22/10,24.25,103
2/19/10,24.5,250
2/18/10,24.9,210
2/17/10,25.2,50
2/16/10,25.2,133
2/12/10,25.95,73
2/11/10,25.85,105
2/10/10,26.1,280
2/9/10,26.15,105
2/8/10,26.3,268
2/5/10,26.15,231
2/4/10,25.95,198
2/3/10,24.85,277
2/2/10,24.75,168
2/1/10,25,49
1/29/10,25.45,231
1/28/10,25.15,97
1/27/10,25.1,164
1/26/10,25.3,222
1/25/10,25.1,117
1/22/10,25.35,416
1/21/10,24.45,201
1/20/10,23.9,166
1/19/10,23.8,251
1/15/10,24.3,189
1/14/10,23.95,192
1/13/10,24.4,299
1/12/10,24.45,209
1/11/10,24.3,64
1/8/10,24.65,159
1/7/10,24.85,35
1/6/10,25.05,286
1/5/10,25.5,138
1/4/10,25.75,160
12/31/09,26.35,77
12/30/09,25.9,26
12/29/09,25.6,138
12/28/09,25.75,17
12/24/09,25.85,47
12/23/09,26,94
12/22/09,26.2,58
12/21/09,26.65,82
12/18/09,27.5,74
12/17/09,27.85,44
12/16/09,27.55,322
12/15/09,27.9,261
12/14/09,28.25,56
12/11/09,28.4,59
12/10/09,28.5,139
12/9/09,28.5,249
12/8/09,28.55,61
12/7/09,28.05,26
12/4/09,28.1,33
12/3/09,28.15,200
12/2/09,28.2,244
12/1/09,28.05,50
11/30/09,28.7,57
11/27/09,28.65,74
11/25/09,27.65,20
11/24/09,27.7,33
11/23/09,27.8,50
11/20/09,28.25,57
11/19/09,28.25,195
11/18/09,27.95,57
11/17/09,27.7,90
11/16/09,27.55,121
11/13/09,27.75,286
11/12/09,27.95,133
11/11/09,27.45,145
11/10/09,27.15,162
11/9/09,27,135
11/6/09,27.5,116
11/5/09,27.65,71
11/4/09,28.1,64
11/3/09,28.55,85
11/2/09,28.25,75
10/30/09,28.25,246
10/29/09,27.15,94
10/28/09,27.9,307
10/27/09,27.25,196
10/26/09,27.3,188
10/23/09,26.9,148
10/22/09,26.6,499
10/21/09,26.95,378
10/20/09,27,160
10/19/09,27.05,171
10/16/09,27.35,139
10/15/09,27.1,130
10/14/09,27.45,577
10/13/09,27.5,74
10/12/09,27.65,76
10/9/09,27.9,146
10/8/09,28.2,58
10/7/09,28.45,63
10/6/09,28.55,101
10/5/09,29.15,124
10/2/09,29.7,190
10/1/09,29.7,150
9/30/09,29,93
9/29/09,28.85,35
9/28/09,28.7,70
9/25/09,29.25,40
9/24/09,29.15,128
9/23/09,28.6,321
9/22/09,28.75,93
9/21/09,28.7,122
9/18/09,28.65,52
9/17/09,28.45,41
9/16/09,28.45,38
9/15/09,28.4,20
9/14/09,28.4,13
9/11/09,28.7,47
9/10/09,28.4,146
9/9/09,29,24
9/8/09,29.3,21
9/4/09,29.55,9
9/3/09,30,26
9/2/09,30.9,18
9/1/09,30.55,134
8/31/09,29.9,20
8/28/09,29.5,12
8/27/09,29.45,48
8/26/09,29.6,56
8/25/09,29.35,39
8/24/09,29.15,43
8/21/09,29.15,106
8/20/09,29.35,91
8/19/09,29.65,11
8/18/09,29.4,80
8/17/09,29.7,147
8/14/09,28.25,141
8/13/09,28.25,90
8/12/09,28.35,115
8/11/09,28.6,148
8/10/09,28.2,67
8/7/09,28.15,71
8/6/09,28.75,134
8/5/09,28.4,88
8/4/09,28.45,80
8/3/09,28.55,29
7/31/09,28.9,347
7/30/09,28.55,203
7/29/09,28.95,414
7/28/09,29,173
7/27/09,28.35,71
7/24/09,28.05,87
7/23/09,28.1,60
7/22/09,28.35,72
7/21/09,29.15,199
7/20/09,29.35,74
7/17/09,30.15,32
7/16/09,29.9,83
7/15/09,30.2,93
7/14/09,30.95,131
7/13/09,31.1,127
7/10/09,31.4,96
7/9/09,31.25,53
7/8/09,31.35,78
7/7/09,31.05,49
7/6/09,30.35,68
7/2/09,30.3,49
7/1/09,29.45,24
6/30/09,29.7,33
6/29/09,29.65,70
6/26/09,30.3,40
6/25/09,30.4,70
6/24/09,30.85,123
6/23/09,31.6,65
6/22/09,31.7,56
6/19/09,31.05,69
6/18/09,31.15,307
6/17/09,31.25,88
6/16/09,31.95,608
6/15/09,31.3,104
6/12/09,30.5,60
6/11/09,31,427
6/10/09,31.5,96
6/9/09,31.1,72
6/8/09,31.65,39
6/5/09,31.7,88
6/4/09,31.7,22
6/3/09,31.85,97
6/2/09,30.8,267
6/1/09,30.8,139
5/29/09,31.6,39
5/28/09,31.9,122
5/27/09,31.7,154
5/26/09,31.35,427
5/22/09,32.25,53
5/21/09,32.25,184
5/20/09,31.55,344
5/19/09,31.2,193
5/18/09,31.15,218
5/15/09,33.4,145
5/14/09,32.85,267
5/13/09,34,143
5/12/09,33.4,115
5/11/09,33.4,199
5/8/09,33.4,236
5/7/09,34.35,112
5/6/09,34.05,603
5/5/09,35.05,105
5/4/09,34.9,732
5/1/09,36.25,16
4/30/09,36.9,26
4/29/09,36.85,51
4/28/09,37.8,68
4/27/09,38.2,30
4/24/09,37.45,40
4/23/09,37.15,19
4/22/09,37.7,25
4/21/09,37.3,38
4/20/09,38.05,34
4/17/09,36.8,64
4/16/09,37.5,131
4/15/09,38.5,61
4/14/09,39.1,278
4/13/09,39.15,19
4/9/09,39.15,5
4/8/09,40.05,493
4/7/09,40.4,18
4/6/09,40.05,9
4/3/09,39.65,3
4/2/09,40,79
4/1/09,39.95,107
3/31/09,40.35,491
3/30/09,40.5,92
3/27/09,39.3,32
3/26/09,38.05,26
3/25/09,38.65,74
3/24/09,39,561
3/23/09,38.5,52
3/20/09,39.85,91
3/19/09,38.15,39
3/18/09,36.75,123
3/17/09,37.45,116
3/16/09,37.8,38
3/13/09,37.3,37
3/12/09,37.05,46
3/11/09,37.25,50
3/10/09,37.25,92
3/9/09,39.75,52
3/6/09,39.6,36
3/5/09,39.55,26
3/4/09,39.25,82
3/3/09,41.55,36
3/2/09,41.35,41
2/27/09,40.35,125
2/26/09,40.05,65
2/25/09,39.5,129
2/24/09,39.2,259
2/23/09,40.9,53
2/20/09,40.25,189
2/19/09,39.15,21
2/18/09,38.65,32
2/17/09,39.25,248
2/13/09,38.25,80
2/12/09,37.85,106
2/11/09,38.25,44
2/10/09,38.45,92
2/9/09,37.65,155
2/6/09,37.55,96
2/5/09,37.55,54
2/4/09,37.95,409
2/3/09,38.45,103
2/2/09,38.65,25
1/30/09,38.17,47
1/29/09,37,290
1/28/09,37.63,62
1/27/09,38.46,332
1/26/09,39.86,8
1/23/09,40.29,11
1/22/09,40.42,16
1/21/09,39.98,3
1/20/09,44.42,30
1/16/09,41.2,66
1/15/09,40.87,38
1/14/09,40.98,15
1/13/09,38.95,23
1/12/09,39.03,33
1/9/09,37.63,30
1/8/09,37.1,152
1/7/09,37.9,19
1/6/09,36.06,13
1/5/09,36.06,14
1/2/09,36.05,14
12/31/08,37.71,12
12/30/08,40.25,2
12/29/08,41.27,22
12/26/08,41.04,5
12/24/08,41.2,1
12/23/08,40.95,4
12/22/08,40.28,20
12/19/08,40.52,2
12/18/08,41.4,160
12/17/08,42.23,30
12/16/08,44.8,23
12/15/08,46.44,7
12/12/08,46.63,14
12/11/08,47.07,13
12/10/08,46.35,12
12/9/08,46.79,3
12/8/08,45.38,69
12/5/08,46.03,7
12/4/08,46.68,48
12/3/08,44.95,48
12/2/08,45.16,10
12/1/08,45.47,250
11/28/08,40.98,4
11/26/08,41.34,31
11/25/08,42.94,14
11/24/08,43.82,41
11/21/08,45.83,4
11/20/08,47.02,13
11/19/08,44.74,88
11/18/08,44.27,61
11/17/08,43.41,20
11/14/08,42.35,28
11/13/08,40.53,73
11/12/08,41.83,10
11/11/08,40.51,45
11/10/08,39.72,23
11/7/08,39.42,17
11/6/08,39.81,99
11/5/08,37.95,39
11/4/08,35.6,79
11/3/08,37.2,11
10/31/08,37.75,17
10/30/08,37.41,17
10/29/08,36.74,63
10/28/08,35.79,103
10/27/08,38.75,220
10/24/08,37.75,194
10/23/08,35.12,56
10/22/08,34.87,41
10/21/08,33.82,339
10/20/08,33.79,7
10/17/08,34.75,43
10/16/08,34.32,367
10/15/08,33.85,66
10/14/08,30.58,20
10/13/08,29.83,106
10/10/08,31.35,150
10/9/08,30.96,191
10/8/08,28.96,211
10/7/08,28.85,163
10/6/08,28.27,168
10/3/08,27.84,134
10/2/08,27.58,46
10/1/08,26.94,51
9/30/08,26.6,41
9/29/08,27.4,130
9/26/08,25.46,180
9/25/08,25.4,60
9/24/08,25.65,64
9/23/08,25.74,184
9/22/08,25.01,68
9/19/08,24.18,46
9/18/08,24.47,73
9/17/08,25.32,33
9/16/08,24.76,212
9/15/08,25.21,22
9/12/08,24.37,39
9/11/08,24.21,32
9/10/08,24.23,44
9/9/08,24.55,1074
9/8/08,23.63,573
9/5/08,24.19,27
9/4/08,24.47,25
9/3/08,23.66,14
9/2/08,23.62,29
8/29/08,23.5,113
8/28/08,23.04,51
8/27/08,23.25,12
8/26/08,23.53,4
8/25/08,23.62,8
8/22/08,23.18,27
8/21/08,23.15,26
8/20/08,23.21,12
8/19/08,22.9,972
8/18/08,22.65,135
8/15/08,22.47,57
8/14/08,22.45,160
8/13/08,22.85,261
8/12/08,22.6,344
8/11/08,22.23,47
8/8/08,22.31,28
8/7/08,22.44,91
8/6/08,21.93,248
8/5/08,22,38
8/4/08,22.7,57
8/1/08,22.68,17
7/31/08,22.62,90
7/30/08,21.96,391
7/29/08,22.54,134
7/28/08,23.54,58
7/25/08,22.95,339
7/24/08,23.17,27
7/23/08,22.07,438
7/22/08,21.95,220
7/21/08,22.43,87
7/18/08,22.58,417
7/17/08,22.71,1197
7/16/08,23,259
7/15/08,24.84,108
7/14/08,24.47,56
7/11/08,24.44,135
7/10/08,24.1,218
7/9/08,24.11,99
7/8/08,23.14,69
7/7/08,24.16,192
7/3/08,23.94,31
7/2/08,24.21,89
7/1/08,23.57,96
6/30/08,23.68,58
6/27/08,23.73,241
6/26/08,24.06,58
6/25/08,22.88,116
6/24/08,23.52,102
6/23/08,23.47,42
6/20/08,23.54,628
6/19/08,23.38,54
6/18/08,23.55,94
6/17/08,23.47,43
6/16/08,23.4,169
6/13/08,23.78,130
6/12/08,24.52,29
6/11/08,24.69,60
6/10/08,24.42,119
6/9/08,24.55,93
6/6/08,24.48,42
6/5/08,23.37,70
6/4/08,23.98,64
6/3/08,23.86,62
6/2/08,23.62,23
5/30/08,22.97,18
5/29/08,23.1,33
5/28/08,23.55,45
5/27/08,23.68,16
5/23/08,24.21,28
5/22/08,23.6,189
5/21/08,23.96,505
5/20/08,22.57,96
5/19/08,22,229
5/16/08,21.95,77
5/15/08,21.56,200
5/14/08,22.09,389
5/13/08,22.08,41
5/12/08,21.95,49
5/9/08,22.51,35
5/8/08,22.34,760
5/7/08,22.29,36
5/6/08,21.67,143
5/5/08,21.91,48
5/2/08,21.59,120
5/1/08,22.01,202
4/30/08,22.79,179
4/29/08,22.67,141
4/28/08,22.6,237
4/25/08,22.59,302
4/24/08,23.26,64
4/23/08,23.63,46
4/22/08,23.56,200
4/21/08,23.29,70
4/18/08,23.36,257
4/17/08,23.75,93
4/16/08,23.72,20
4/15/08,24.54,25
4/14/08,24.8,103
4/11/08,24.72,227
4/10/08,24.05,117
4/9/08,24.48,85
4/8/08,24.13,197
4/7/08,23.96,67
4/4/08,24.68,27
4/3/08,24.57,880
4/2/08,24.47,169
4/1/08,24.5,300
3/31/08,25.62,54
3/28/08,25.76,15
3/27/08,25.81,54
3/26/08,25.83,76
3/25/08,25.2,351
3/24/08,25.3,28
3/20/08,25.52,23
3/19/08,25.68,180
3/18/08,25.33,10
3/17/08,27.12,2
3/14/08,26.96,6
3/13/08,26.13,28
3/12/08,25.71,239
3/11/08,25.21,8
3/10/08,26.42,20
3/7/08,25.91,26
3/6/08,25.85,6
3/5/08,24.86,120
3/4/08,25.65,26
3/3/08,25.64,74
2/29/08,25.57,1
2/28/08,24.69,6
2/27/08,23.93,202
2/26/08,24,6
2/25/08,24.14,7
2/22/08,24.77,154
2/21/08,24.69,18
2/20/08,24.84,65
2/19/08,24.78,5
2/15/08,25.36,259
2/14/08,25.44,29
2/13/08,25.18,141
2/12/08,25.47,68
2/11/08,26.07,29
2/8/08,26.25,20
2/7/08,25.75,34
2/6/08,25.85,7
2/5/08,25.33,13
2/4/08,24.2,275
2/1/08,23.91,35
1/31/08,24.52,53
1/30/08,25.08,50
1/29/08,24.79,2
1/28/08,25.02,11
1/25/08,25.38,104
1/24/08,24.98,44
1/23/08,25,205
1/22/08,25.7,385
1/18/08,26.01,67
1/17/08,26.25,229
1/16/08,24.5,46
1/15/08,24.91,263
1/14/08,24.89,143
1/11/08,25.5,162
1/10/08,24.27,113
1/9/08,24.66,211
1/8/08,25.17,1952
1/7/08,24.37,190
1/4/08,24.65,82
1/3/08,24.21,74
1/2/08,24.23,76
12/31/07,23.84,41
12/28/07,23.33,1
12/27/07,23.37,18
12/26/07,22.92,4
12/24/07,22.98,12
12/21/07,23.16,344
12/20/07,23.85,45
12/19/07,24.13,106
12/18/07,24.44,42
12/17/07,25.03,374
12/14/07,24.47,36
12/13/07,23.84,32
12/12/07,23.37,163
12/11/07,23.67,197
12/10/07,22.99,25
12/7/07,23.21,122
12/6/07,23.02,16
12/5/07,23.97,27
12/4/07,24.75,365
12/3/07,24.08,20
11/30/07,24.06,24
11/29/07,24.5,48
11/28/07,24.38,23
11/27/07,25.78,85
11/26/07,26.07,57
11/23/07,25.84,56
11/21/07,26.28,376
11/20/07,26,3035
11/19/07,26.33,655
11/16/07,25.77,1445
11/15/07,25.39,15
11/14/07,24.46,42
11/13/07,24.55,33
11/12/07,25.69,26
11/9/07,25.6,49
11/8/07,24.8,177
11/7/07,24.96,243
11/6/07,23.2,43
11/5/07,23.69,111
11/2/07,23.22,76
11/1/07,22.18,40
10/31/07,20.95,1
10/30/07,21.74,40
10/29/07,21.18,20
10/26/07,21.28,87
10/25/07,21.65,32
10/24/07,21.62,11
10/23/07,21.44,20
10/22/07,21.71,1
10/19/07,21.73,20
10/18/07,21.06,20
10/17/07,21.15,9
10/16/07,21.02,64
10/15/07,20.5,66
10/12/07,19.76,80
10/11/07,19.77,48
10/10/07,19.11,31
10/9/07,19.03,47
10/8/07,19.42,42
10/5/07,19.24,69
10/4/07,19.93,122
10/3/07,19.86,77
10/2/07,19.61,146
10/1/07,19.35,417
9/28/07,19.53,614
9/27/07,19.14,14
9/26/07,19.28,122
9/25/07,19.51,118
9/24/07,19.61,523
9/21/07,19.65,62
9/20/07,20.28,158
9/19/07,20.19,637
9/18/07,20.59,14
9/17/07,21.6,21
9/14/07,21.35,158
9/13/07,21.36,41
9/12/07,21.54,20
9/11/07,21.47,20
9/10/07,21.86,62
9/7/07,21.65,4
9/6/07,21.27,2
9/5/07,21.29,10
9/4/07,20.98,90
8/31/07,21.5,20
8/30/07,21.63,20
8/29/07,21.5,10
8/28/07,21.58,303
8/27/07,20.8,20
8/24/07,20.48,91
8/23/07,20.96,105
8/22/07,20.92,4
8/21/07,21.48,18
8/20/07,21.83,230
8/17/07,22.64,136
8/16/07,22.45,200
,,
,,
,,
,,
,,
,,
,,
,,
,,
,,
,,
,,
,,
,,
,,
,,
,,
,,
,,
,,
,,
,,
,,
,,
,,
,,
,,
,,
,,
,,
,,
,,
,,
,,
,,
,,
,,
,,
,,
,,
,,
,,
,,
,,
,,
,,
,,
,,
,,
,,
,,
,,
,,
,,
,,
,,
,,
,,
,,
,,
,,
,,
,,
,,
,,
,,
,,
,,
,,
,,
,,
,,
,,
,,
,,
,,
,,
,,
,,
,,
,,
,,
,,
,,
,,
,,
,,
,,
,,
,,
,,
,,
,,
,,
,,
,,
,,
,,
,,
,,
,,
,,
,,
,,
,,
,,
,,
,,
,,
,,
,,
,,
,,
,,
,,
,,
,,
,,
,,
,,
,,
,,
,,
,,
,,
,,
,,
,,
,,
,,
,,
,,
,,
,,
,,
,,
,,
,,
,,
,,
,,
,,
,,
,,
,,
,,
,,
,,
,,
,,
,,
,,
,,
,,
,,
,,
,,
,,
,,